Krishna Electricals Sale & Service in Mira Road  Mumbai,tel:+919768055313,Shop No-28  Rashmi Drashant Building  Mira Road  Thane - 401107  Near 15 No Last Bus Stop Mangal Nagar,0
Shastrye enterprises in Mira Road  Mumbai,tel:+912238555660,Shop no-103 Shanti park  Gogol village  Mira Road  Thane - 401107  Near vijay sales,1
National Electronics in Borivali East  Mumbai,tel:+919969864019,Shop no 2 Hanuman Nagar  S V Road Hanuman Mandir  Borivali East  Mumbai - 400066  Opp Ashtha Medical,2
S R Electric Works in Dahisar  Mumbai,tel:+919892477096,Shop No.7 Mioshra Chawl  Hamuman Nagar Chartan Nagar  Dahisar  Mumbai - 400068,0
Chetan Electric & Hardware Stores in Borivali West  Mumbai,tel:+912228981841,Shop No 8  maha krupa chsl  Shimpoli Road  Borivali West  Mumbai - 400092  Near Gokhale High School  near reliance mall,1
Kohinoor Electrics in Bhayandar East  Mumbai,tel:+919869337289,Navghar Rd  Bhayandar East  Thane - 401105,1
Professionals in borivali west  Mumbai,tel:+919892288989,Shop No.S/3 Celestial Arc  3rd Cross Rd  borivali west  Mumbai - 400103  IC Colony,2
Yadav Enterprise in Ghatkopar East  Mumbai,tel:+912225062692,Nupur Building  Plot No 185  Shop No 3  Vallabh Baug Lane  Ghatkopar East  Mumbai - 400077  Garodia Nagar  Near Puspa Vihar Hotel,1
K P ELECTRICALS in Bhayandar West  Mumbai,tel:+919773953505,22  Pushpa Niketan  Temba Road   Bhayandar West  Thane - 401101  Near Temba Hospital ,1
R K Electricals in Borivali West  Mumbai,tel:+912228337226,Shop No 3  Surya Kiran Building  L T Road  Borivali West  Mumbai - 400091  Opposite Amazon Society  Jairaj Nagar  Vazira Naka,3
Ajit Electricals in Malad West  Mumbai,tel:+912228812219,Shop Number 1  Vibhako Building  Mamledar Wadi Road  Malad West  Mumbai - 400064  Opposite To Road Number 1,10
Hasmukh Electric & Hardware Store in Andheri East  Mumbai,tel:+912245106513,Shop No 13  Pinnacle Business Park  Mahakali Caves Road  Andheri East  Mumbai - 400093  Near Shanti Nagar Bus Stop,2
om sai prashad electricals n electroniics in Malad West  Mumbai,tel:+912238582258,Shop No 3  mota pada road  Malad West  Mumbai - 400064  Opposite KG Mittal College  Nahar Nagar,3
Modern Electric & Hardware in Malad west  Mumbai,tel:+919920624588,Shop No.4   Navjeevan Building  Evershine Nagar  Malad west  Mumbai - 400064  OPP People,1
Mukesh Electrician in Goregaon West  Mumbai,tel:+919833309744,Shop No.771 Motilal Nagar No.1  Road No.97  Goregaon West  Mumbai - 400104  Near Ricsha Stand,0
New Electrical & Hardware in Kandivali West  Mumbai,tel:+917303355355,Shop No-197  Ganesh Nagar  Kandivali West  Mumbai - 400067  Opp Mahada,0
Dhanalaxmi Electricals And Hardware in Malad West  Mumbai,tel:+919004358297,Shop No 26  Deepmala Building  Malad West  Mumbai - 400095  Baf-Hira Nagar  Opposite Anuradha Hospital  Malawni Gate-1  Off Marve Road,1
Dinesh Electrician in Adarsh Nagar-Andheri West  Mumbai,tel:+919819951746,304 Shakti Nagar Seva Sangh Sra HSG. Soc   Adarsh Nagar-Andheri West  Mumbai - 400053,1
A1 Electrical Hardware&Paints in Santacruz East  Mumbai,tel:+919967528114,171 1C-A Ground Floor  Sharda  Kalina- Kurla Road  Santacruz East  Mumbai - 400029  Opposite To CANARA Bank,1
Twilight Convergence Services in Andheri West  Mumbai,tel:+919870158985,shalimar maurya  Andheri Link Road  Andheri West  Mumbai - 400053  opp infinity mall,0
Twinkle Electricals in Vile Parle West  Mumbai,tel:+919820806177,Shop No 3  Nivant Building  Bajaj Road  Vile Parle West  Mumbai - 400056  Opposite Maharashtra Bank,1
Bharat Electric Stores in Santacruz West  Mumbai,tel:+912226129236,Sharad Kunj  Tilak Road  Santacruz West  Mumbai - 400054  Opp Rly Station,4
Pooja Electrical & Hardware Shop in Vasai Road West  Mumbai,tel:+912502233731,Shop No 21  Vasant Karishma Complex  Ambadi Road  Vasai Road West  Thane - 401202,1
Pramanik Centre in Vasai Road West  Mumbai,tel:+912502332358,Opp St Depot  Station Road   Vasai Road West  Thane - 401202,2
