Shastri Brothers Electrical & Engineering in Chembur Colony-Chembur East  Mumbai,tel:+912238512003,1/ 22  B Wing  Parivartan Chs  Road No 16  Chembur Colony-Chembur East  Mumbai - 400074  Vashi Naka  Kukreja Compound,18
Timesaverz Dotcom Pvt Ltd in Andheri West  Mumbai,tel:+912238533992,New Mhada Complex  Andheri West  Mumbai - 400053  Near Lokhandwala Circle,15
Doormint Services in Chandivali-Andheri East  Mumbai,tel:+912238533899,Level 4  E Wing  Tex Center  Chandiwali Farm Road  Chandivali-Andheri East  Mumbai - 400072  Near Boomerang,30
Manish Electricals in Dahisar  Mumbai,tel:+912238511439,304  Building No C/ 71  New Link Road  Dahisar  Mumbai - 400068  Near Shiv Mandir  Anand Nagar,12
Rinku Electrician & Plumbing Works in Cbd Belapur  Mumbai,tel:+912238530342,Shop No 18  Shiv Darshan  Plot No 1  Sector 15  Cbd Belapur  Navi Mumbai - 400614  Near Reliance Digital,2
Sadiya Electricals in Andheri West  Mumbai,tel:+912238511903,312  Rahab Building Gaondevi Housing Society  New Link Road  Andheri West  Mumbai - 400053  Opposite Deeraj Gaurav Heights  Near Infinity Mall,5
Arun Electrical in Bandra West  Mumbai,tel:+912238535731,Shop No 3  Mount Marry Road  Bandra West  Mumbai - 400050  Near Mount Mary Steps,3
Satya Electrician in Andheri West  Mumbai,tel:+912238530091,D/22  Shiv Shakti Society  Link Road  Andheri West  Mumbai - 400053  Near Oshiwara Depot,8
Shree Electricals in Vashi  Mumbai,tel:+912238533691,Chandrakant Patil Niwas  Sector 26  Vashi  Navi Mumbai - 400703  Kopari Village  Near Hanuman Temple,2
N B Electricals & Contractor in Ghansoli  Mumbai,tel:+912238558102,Chintamani Apartment  House No 462/463  Shop No 1  Ghansoli  Navi Mumbai - 400701  Gaondevi Wadi  Near MMC Hospital & Post Office,2
Raju Electricals in Goregaon East  Mumbai,tel:+912238512891,Shop No 8  Film City Road  Sector No B/1  Goregaon East  Mumbai - 400063  Dindoshi  Near Swapnalok,19
A To Z Electric Works in Mira Road  Mumbai,tel:+912238533381,Shop No 4  Sonam Shopping Centre  Phase 6  Mira Bhayander Highway  Mira Road  Thane - 401107  Near Balaji Hospital  Golden Nest,3
Vaibhav Electrical in Naigaon-Dadar East  Mumbai,tel:+912238536223,569/9 Kohinoor Mill Compound  M J Phule Road  Naigaon-Dadar East  Mumbai - 400014  Near Purandare Stadium,2
A1 Electricals in Chembur West  Mumbai,tel:+912238563087,Shop No 12/ A  Shafi Estate  G M Road  Chembur West  Mumbai - 400089  Opposite Amar Mahal Flyover  Near Manjul Nagar,3
Paras Electricals in Dharavi  Mumbai,tel:+912238539644,Ground Floor  Room No 637   Bhartiya Chawl  Gopy Nath Colony No 2   Mp Nagar  Dharavi Cross Road  Dharavi  Mumbai - 400017,1
Miranda Electrical in Thane West  Mumbai,tel:+912238558233,Shop No 45  Ghodbandar Road  Thane West  Thane - 400601  Next To Pipe Line  Near Cine Wonder   Kaparvaudi  Palika Bazar,12
Shubh Om Electric in Kandivali East  Mumbai,tel:+912238582264,Shop No 25  Building No 4  Evershine Millenium Paradise  Kandivali East  Mumbai - 400101  Thakur Village,33
T S Electricals in Powai  Mumbai,tel:+912238533506,Office No 1 Near Jama Masjid  Powai  Mumbai - 400076  Opposite IIT Market Gate Powai,7
Bharti Electric Works in Andheri East  Mumbai,tel:+912238541307,Shop No 5  SAI Bhagvan Nagar  Road No 19  Andheri East  Mumbai - 400093  MIDC  Near Sun City Hotel,4
Sharvil Electricals in Kalyan East  Mumbai,tel:+912238537497,Flat No 202   Shree Darshan Apartment  Kalyan East  Thane - 421306  Vijay Nagar  Near Congress Office,2
Royal Electricals in Sakinaka  Mumbai,tel:+912238549529,C/ 5-1 Sane Udyog Bhavan Puk Compound  Khairani Road  Sakinaka  Mumbai - 400072  Near L N Marg,2
Reliable Enterprises in Andheri East  Mumbai,tel:+912238528306,Brahamdev Yadav Chawl  Jija Mata Road  Andheri East  Mumbai - 400093  Near Manish Park And Pump House,10
Is Enterprise in Malad West  Mumbai,tel:+912238517681,Shop No 18  Gate No 7  Plot No 50  Kachcha Road  Malad West  Mumbai - 400095  New Collectors Compound,1
Guddu Electric Work in Goregaon East  Mumbai,tel:+912238573188,Room No 5  Western Express Highway  Goregaon East  Mumbai - 400063  Aarey Check Naka  Sarvoday Nagar  Near Samuel Church,5
Raja Electrical Works in Nahur  Mumbai,tel:+912238548628,gala no 23 R1 d wing subhas nagar nahur west opp ceat tyre  Nahur  Mumbai - 400080  Near Maruti Service Centre,5
Om Sai Electric in Diva  Mumbai,tel:+912238537109,Shree JAI Bhole Chawl No 2  Room No 10  Diva Agasan Road  Diva  Thane - 400612  Bedekar Nagar,2
Sayyed Enterprises in Vikhroli West  Mumbai,tel:+912238542287,Shop No 9  Kismat Chs  Vikhroli West  Mumbai - 400079  Vikroli Park Site Colony  Anandgard Estate,9
Safetech Solutions in Girgaon  Mumbai,tel:+912238519131,Office No 204  Platinum Arcade  Jss Road  Girgaon  Mumbai - 400004  Near Central Plaza,12
Pawar Electrical in Malad West  Mumbai,tel:+912238539424,Shop L 333 Ambuj Wadi  Azad Nagar Malwani  Market Road  Malad West  Mumbai - 400095  Near Market Road  Opposite Nilam Dairy,2
Fancy Electrical Works in Jogeshwari West  Mumbai,tel:+912239365743,Ram Karan Chawl No 2  Room No 12  Krishana Nagar  Behram Bhaug  New Link Road  Jogeshwari West  Mumbai - 400102  Near Anupa School,2
Ravi Electricals in Sion Koliwada  Mumbai,tel:+912238536948,Shop No 5  Mhd Colony  Sadar Nagar No 1  Flank Road  Sion Koliwada  Mumbai - 400022  Near Wellness Medical,1
Aman Electri Work in Wadala East  Mumbai,tel:+912238537950,Shop No 270  Nirmal Nagar  M A Road  Wadala East  Mumbai - 400037  Near Kaka Hotel,2
Abhay Electricals in Chandivali-Andheri East  Mumbai,tel:+912238536574,Room No 302  2nd Floor  A Wing  Building No 15  Sangharsh Nagar  Saki Vihar Road  Chandivali-Andheri East  Mumbai - 400072  Near Hiranandani S M Shetty School,2
A1 Electricals & Contractors in Dadar East  Mumbai,tel:+912238534305,Shop No Swb  Hind Rajasthan Building  Dadasaheb Phalke Road  Dadar East  Mumbai - 400014  Near Kailash Lassi,1
Mahavir Electric And Hardware Store in Andheri East  Mumbai,tel:+912238583179,Shop 3  Rambaug Building  Mahakali Caves Road  Andheri East  Mumbai - 400093  Near Technopolis,7
Shreejee Hardware & Electricals in Khar West  Mumbai,tel:+912238515843,Shop No 4  Amore Building  2nd Road  Khar West  Mumbai - 400052  Near Kabutar Khana,3
Agni Services in Bhiwandi  Mumbai,tel:+912238536046,H No 569  Shree Balaji Complex  Vehele Road  Bhiwandi  Thane - 421302  Near Mankoli Naka And Ahead Of Volvo  Service Centre  Village Bhatale,3
Jay Shree Electrical & Hardware in Kamothe  Mumbai,tel:+912238536357,Shop No 12  Riddhi Siddhi Apartment  Plot No 6  Sector 35  Kamothe  Navi Mumbai - 410206  Near Mahalaxmi Mall,3
Elegant Enterprise in Andheri East  Mumbai,tel:+912238583189,Shop No 20  Pinnacle Business Park  Mahakali Caves Road  Andheri East  Mumbai - 400093  Shanti Nagar  Near Shanti Temple  Next To Everest Grande,2
Sanjay Suthar in Mira Road  Mumbai,tel:+912238536604,B Wing 303 viney darshan Building  Mira Bhayendar Road  Mira Road  Thane - 401107  Thakur Mall,2
Neelam Electric & Hardware Stores in Virar West  Mumbai,tel:+912238540949,Shop No 19  Gokul Annexe  Gokul Township Road  Virar West  Thane - 401303  Opposite Muljibhai Mehta School,2
Khandeshwar Electric & Hardware Stores in Khanda Colony  Mumbai,tel:+912238522297,Shop No 9  City Park Building  Plot No 73  Sector 13  Khanda Colony  Navi Mumbai - 410206  Near Petrol Pump,2
Shanti Electric in Andheri West  Mumbai,tel:+912238514296,Gurunagar Building No 1  Shop No 4  4 Bunglow  Andheri West  Mumbai - 400053  Near Kokilaben Dhirubhai Hospital,2
Shri Sai Electricals Contractor in Santacruz East  Mumbai,tel:+912238550440,Jagruti Mitra Mandal  Santacruz East  Mumbai - 400055  Indra Nagar  Gaondevi  Vakola Pipe Line,2
Kausar Electrical Service in Jogeshwari West  Mumbai,tel:+912238545243,Shop No 21  Dream Home Property  Link Road  Jogeshwari West  Mumbai - 400102  Opposite Heera Panna Mall,1
Rajasthan Electric & Hardware Stores in Andheri East  Mumbai,tel:+912271042216,Shop 3  Misquita Chawl  Marol Village  Andheri East  Mumbai - 400059  Near Paleshwar Mandir,2
Kiran Electric & Hardware Stores in Sakinaka  Mumbai,tel:+912238582291,Thakur Prasad Compound  Kherani Road  Sakinaka  Mumbai - 400072  Near Hari Masjid  Sakinaka,4
Jyoti Electricals in Vasai East  Mumbai,tel:+912238537715,Shop No. 5  Jinam Industrial Estate  Dhumal Nagar  Vasai Waliv Road  Vasai East  Thane - 401208  Opposite Rashmi Park Bungalow,2
New Bombay Electric Stores in Bhiwandi  Mumbai,tel:+912238578220,Shop No 23  Chudi Mohalla  Bhiwandi  Thane - 421302  Near Dhange Hospital,5
Zed Toae Electrical Works in Chakala-Andheri East  Mumbai,tel:+912238545905,Shop No 2  Ashish Apartment  Shriniwas Bagadka Marg  Chakala-Andheri East  Mumbai - 400093  J B Nagar,2
Apollo Winding Work in Bhandup West  Mumbai,tel:+912238536236,Ram Ray Udhyog Nagar  Shop No 1  Sonapur Road  Bhandup West  Mumbai - 400078  Near Kishan Bhangar Wale,2
Sonmon A Pillai in Bhayandar East  Mumbai,tel:+912238519750,Shop No S3 Julie Arc Building  Goddeo naka  Lazras Park  Bhayandar East  Thane - 401105  Behind Divine Mercy Church,1
Om Electric in Kandivali West  Mumbai,tel:+912238542387,11  Shanti Niketan  Mahavir Nagar  Link Road  Kandivali West  Mumbai - 400067  Near Pawar Public School,30
Golden Electrical Work in Thane West  Mumbai,tel:+912238537562,Flat No A  9  2nd Floor  Zubeda Mansion  1st Rabodi  K K Road  Thane West  Thane - 400601  Near Shimla Bakery,2
SRI Electricals in Kalyan City  Mumbai,tel:+912238527255,Parvati Niwas  Murbad Road  Kalyan City  Thane - 421301  Near Axis Bank,1
Shree Sai Samarth Enterprises in Bhandup East  Mumbai,tel:+912271041290,Gala No 6  Veer Savarkar Marg  Sector-A  Bhandup East  Mumbai - 400042  Near Cghs Colony,2
S K Electricals in Mitha Nagar-Goregaon West  Mumbai,tel:+912245110435,Room No 302  3rd Floor  B Wing  Mitha Nagar Chs  M G Road  Mitha Nagar-Goregaon West  Mumbai - 400104  Near BMC Office  South Ward,1
Amardeep Electrical Work in Sion Koliwada  Mumbai,tel:+912238537427,Shop no.01 Punjabi Colony  J K Bhassin Marg  Sion Koliwada  Mumbai - 400022  Near Hari Mandhir,2
Ajit Shah in Jogeshwari West  Mumbai,tel:+912238539837,Anand Nagar  BMC Colony  New Link Road  Jogeshwari West  Mumbai - 400102  Opposite Mega Mall,2
S S Electrician Work in Sion Koliwada  Mumbai,tel:+912238537045,Shop No 170 Punjabi Colony  J K Bhasin Marg  Sion Koliwada  Mumbai - 400022  Opposite Hari Mandir,2
Subhash Electricals in Khar West  Mumbai,tel:+912238537025,2  Subh Shanti Society  Carter Road  Khar West  Mumbai - 400052  Hanuman Nagar  Khar Danda,2
Brahma Electricals in Bandra East  Mumbai,tel:+912245207882,Jaghuwani Chawl  Allahfull Masrani Lane  Bandra East  Mumbai - 400051,2
A R  Electricals in Parel  Mumbai,tel:+912238521146,Shop No 16 A  Ground Floor   Nirnala Niwas  Aaimai Merwanji Street  Parel  Mumbai - 400012  Near Kem Hospital,4
Aijaz Khan Electric Works in Borivali West  Mumbai,tel:+912238538121,Shop No B/4  Shiv Prasad Yadav Chawl  Shimpoli Road  Borivali West  Mumbai - 400092  Riani Gram  Opposite Satyam Building,2
Huma Electricals in Andheri West  Mumbai,tel:+912238576046,Shop No 6  Qureshi Compound  Veera Desai Road  Andheri West  Mumbai - 400053  Near Mahatma Gandhi School,88
Mohsin Enterprises in Andheri East  Mumbai,tel:+912238565715,Ground Floor  Shaikh Haroon Building  Andheri East  Mumbai - 400059  Marol Pipe Line,16
P M Enterprise in Goregaon West  Mumbai,tel:+912238537957,Room No 504  Siddhi Ganesh Society  Plot No 26  Jawahar Nagar  Road No 4  Goregaon West  Mumbai - 400062  Opposite ICICI Bank,2
Parsekar Electric Work in Jogeshwari East  Mumbai,tel:+912238535649,Unit No 3  Sento Building  Caves Road  Jogeshwari East  Mumbai - 400060  Behind Bank Of Baroda,2
Book My Task Services in Andheri West  Mumbai,tel:+912238534111,502  Morya Classic  Off New Link Road  Andheri West  Mumbai - 400053  Near Infinity Mall  Oshiwara,3
Star Electronics in Ghatkopar West  Mumbai,tel:+912245202338,13 Bhaveshwar Plaza  Lbs Marg  Ghatkopar West  Mumbai - 400086  Opposite Sainath Nagar,30
Mohini Electricals in Andheri West  Mumbai,tel:+912238535860,36  Navjid Bungalow  Juhu Versova Link Road  Andheri West  Mumbai - 400053  Near Good Sheperd Church  Four Bungalow,1
Uttam Electric Stores in Borivali West  Mumbai,tel:+912228052303,Shop No 27 jawan nagar  S V Road  Borivali West  Mumbai - 400092  Near Indraprasth Shopping Centre,114
Good Luck Electric Store in Dhake Colony-Andheri West  Mumbai,tel:+912249174070,Shop No 3 & 4  Shiv Shakti Apartment  J P Road  Dhake Colony-Andheri West  Mumbai - 400053  Near Bus Stop Apna Bazaar  Near Dhake Colony,100
Laxmi Electric & Hardware Store in Khar West  Mumbai,tel:+912226499599,Shop 4 & 5  B M C Market  5th Road  Khar West  Mumbai - 400052  Opposite Ram Bhuva Bar & Resturant,40
Mahavir Electrical & Electronics in Bandra West  Mumbai,tel:+912226004884,79  Pali naka  Bandra West  Mumbai - 400050  Opp. Punjab & Maharashtra bank,24
Jayesh Electricals & Hardwares in Dhake Colony-Andheri West  Mumbai,tel:+912226744862,Shop no 5 dhake colony  Versova road  Dhake Colony-Andheri West  Mumbai - 400053  Opposite 68 Metro Pillar,25
Dharti Electricals & Hardware Store in Mira Road  Mumbai,tel:+912228126884,14  Edenrose Shopping Center  Mira Road  Thane - 401107  Near Cinemax Beverly Park,21
My Home Maker Services Pvt Ltd in Malad East  Mumbai,tel:+912228895041,G/ 6  Shah Tower No 2  Rani Sati Marg  Malad East  Mumbai - 400097  Next To Indian Bank,11
Chheda Electricals in Ghatkopar East  Mumbai,tel:+912225017040,Shop No 2  Chandra Rashmi  60 Feet Road  Ghatkopar East  Mumbai - 400077  Opp netural ice cream,10
Shree Bhairav Steel in Mira Road  Mumbai,tel:+912228455224,Shop No 11  Mira Bhayandar Road  Mira Road  Thane - 401107  Near Chattrapati Shivaji Chowk Kashimira,13
Bijlee Ghar Nx in Nerul  Mumbai,tel:+912227725959,Shop No 9/10  Vaishnavi Towers  Nerul  Navi Mumbai - 400706  Sector 44  Seawoods,7
Moonlight Electrical Contractors & Engineers Pvt Ltd in Andheri East  Mumbai,tel:+912228265041,B/3  Sona Udyog Estate  Old Nagardas Road  Parsi Panchayat Road  Andheri East  Mumbai - 400069,10
National Electronics in Matunga East  Mumbai,tel:+912224024016,468  Shop 6b  Kalyan Bhuvanmaheshwari Udyan  Dr B A Road  Matunga East  Mumbai - 400019  maheshwari udyan,28
Edward Electricals in Malad West  Mumbai,tel:+912228825800,Shop-3  Edward Apts  Off Link Road  Evershine Nagar  Malad West  Mumbai - 400064  Near KFC,18
Mahavir Electric & Hardware Stores in Shanti Nagar-Mira Road  Mumbai,tel:+912228112431,Shop No 2  Building No B/2  Shanti Nagar-Mira Road  Thane - 401107  Opposite Roop Collection,13
Janta Electric Corporation in Goregaon West  Mumbai,tel:+912238578303,Plot No 16  Jawahar Nagar  Road No 2  Goregaon West  Mumbai - 400062  Near Nidhi And Sadguru Hotel,18
Kardhar Electric Hardware Stores in Andheri East  Mumbai,tel:+912226837114,201-Ladiwala Chawl  Shop 2.  Mv Road  Andheri East  Mumbai - 400069  Near Union Bank Opp Vishal Hall,5
Arihant Paint Electric And  Hardware in Andheri West  Mumbai,tel:+912226749916,Shop No-7  Kadar Chawl  J.P.Road  Andheri West  Mumbai - 400053  Dhake Colony,4
Dimple Electronic Services in Chandivali-Andheri East  Mumbai,tel:+919323885444,Shop No E 5 Nahar Amrit Shakti Shopping Center  Nahar Amrit Shakti Road  Chandivali-Andheri East  Mumbai - 400072  Opp Dmart,15
Sunil Electrical Hardware & Sanitary in Lokhandwala Complex-Andheri West  Mumbai,tel:+912226348679,Green Villa Shop No. 2 Plot No.98  Lokhandwala breaz road  Lokhandwala Complex-Andheri West  Mumbai - 400053  Near mala tower  opp- zainab Dairy,17
Prakash Electricals in Andheri East  Mumbai,tel:+912228325374,B 3/1  Greenland Apartments  Andheri East  Mumbai - 400069  J B Nagar,4
Velocity Electricals & Hardware in Manpada-Thane West  Mumbai,tel:+912238553094,Cosmo Complex Shop No 2  Tikujiniwadi Road  Manpada-Thane West  Thane - 400607  Opp  Happy Valley,10
Janta Hardware Stores in Juhu  Mumbai,tel:+912226201676,Shop No 8   Kailash B Apartment  Juhu  Mumbai - 400049  Juhu Church Road  Near Juhu Bus Depot  Opposite Central Stores,6
Milan Electronic in Borivali West  Mumbai,tel:+912228985030,Shop No.4  Sagar Deep Darshan chs  S V Road  Borivali West  Mumbai - 400092  Opp. Adidas Showroom  Near Korakhendra,8
Gala Electronics in Malad West  Mumbai,tel:+919768237072,Shop No.3  Evershine Nagar   Malad West  Mumbai - 400064,0
Vipul Electric & Hardware Stores in Jogeshwari East  Mumbai,tel:+912228265353,Shop no. 1  sidheshear niwas  Meghwadi  Jogeshwari East  Mumbai - 400060  Opp Hanuman Mandir,8
G E Electricals in Fort  Mumbai,tel:+912222610998,Office No 12 Saifee M House  28 Raghunath Dadaji Street  Fort  Mumbai - 400001  Opp Moti Refreshment Restaurant ,0
A One Services in Dombivli East  Mumbai,tel:+919702070666,Shop No D 3  Saibaba Building  Bhopar Road  Dombivli East  Thane - 421201  Near Gajanan Patil Chawk  Shani Mandir  Desle Pada,6
Turbhe Electricals & Hardware in Turbhe  Mumbai,tel:+912238524156,Plot No 100  Tuebhe Service Industrial Area  Sector 23  Turbhe  Navi Mumbai - 400705  Near Janata Market,7
Ajanta Aluminium & Hardware in Dahisar  Mumbai,tel:+912232013173,Shop No 4  Gopal Vihar  L M Rd  I C Colony  Dahisar  Mumbai - 400068  Navagaon,8
Hindustan Electric And Hardware Store in Goregaon East  Mumbai,tel:+912267625210,Shop No 7  Ramu Palvan Compound  Aarey Road  Goregaon East  Mumbai - 400063  Opposite St Pais College,0
Prabhat Kiran in Lohar Chawl  Mumbai,tel:+912222079054,157 Tawa Wala Building  Lohar Chawl  Mumbai - 400002,4
Ujala Electric & Hardware Stores in Dahisar  Mumbai,tel:+912228284612,Shop No 3  Tapi Baug  C S Road  Dahisar  Mumbai - 400068  Near Jari Mari Garden  Opp. Anand Nagar,9
Gala Electric Service in Borivali West  Mumbai,tel:+912228912012,Shop No 12  Rajesh Building  Royal Complex  Eksar Road  Borivali West  Mumbai - 400092  Opposite Jalpan Hotel,1
Laxmi Electric & Hardware in Borivali West  Mumbai,tel:+912228692118,Shop no.7/8  Ruby CHS.  Gorai-2   Borivali West  Mumbai - 400092  Opp. Status Pure Veg. Restaurant ,11
Sangam hardware store in Vasai Road West  Mumbai,tel:+912502345706,4/C  Anita Complex  Vasai Road West  Thane - 401202  Near Petrol Pump  Manickpur,1
Nakoda Hardware in Powai  Mumbai,tel:+912261619626,Shop No 47 C  Powai Vihar Road  Powai  Mumbai - 400076  Opp Vijay Vihar,3
Ronak Electric & Hardware in Andheri East  Mumbai,tel:+912228232406,Shop No 1  Ushakunj Chawl  Mahakali Caves Road  Andheri East  Mumbai - 400093  Opposite Takshila Building No 5,7
Vardaman Electrics And Hardware in Kandivali West  Mumbai,tel:+919892316553,Plot No 242  Shop No 3  Neelam Building  Kandivali West  Mumbai - 400067  Opposite Nobel Chemist  Charkop Market,3
Laxmi Electricals in Dadar East  Mumbai,tel:+912224109440,Shop No 1  Loonet Building  Dr Ambedkar Road  Dadar East  Mumbai - 400014  Opposite Chitra Cinema,8
Vidyut Mitra Udyog Pvt Ltd in Dhokali-Thane West  Mumbai,tel:+912238515789,Shop No 2  Aban Park  Manorama Nagar Road  Dhokali-Thane West  Thane - 400607  Manorama Nagar  Near R Mall,0
Jai Ambe Electronic in Borivali East  Mumbai,tel:+919821324135,Shop No 6 Banarasi Bhavan B.R.Yadav Chawl  Carter Road No 3  Borivali East  Mumbai - 400066  Opp Kabutar Khana,0
New aarti electricals in Andheri West  Mumbai,tel:+912266960723,Shop no-37 kamdhenu shopping  Lokhandwala complex  Andheri West  Mumbai - 400053  Near-food inn restaurant,6
Sangam Electric & Hardware Stores in Mira Road  Mumbai,tel:+912267384127,Shop No 20  Sanghvi Tower  Mira Bhayandar Road  Mira Road  Thane - 401107  Opposite Hatkesh,12
Shivam Electric & Hardware Stores in Mira Road  Mumbai,tel:+912232642215,Shop No 12  Bldg No B/20  RNA Broadway Avenue  Opp Jangid Complex  Mira Road  Thane - 401107,8
Harsh Electronic Service in Powai  Mumbai,tel:+919004843402,Shop No 1  Rambaug Road  A S Marg  Powai  Mumbai - 400076  Near Police Station,0
Rajde Electric And Hardware in Andheri East  Mumbai,tel:+912229255829,Shop No 2  Blue Heaven Chs  Marol Maroshi Road  Andheri East  Mumbai - 400059  Opposite Metal Tube Rolling Mills  Marol  Below Surbi Nursing Home,3
Ram electrical work in Borivali West  Mumbai,tel:+919321036719,Shop no.23  thakur building  Tips road  Borivali West  Mumbai - 400092  Near big boss salon,0
Shreeji Electrical & Electronics in Andheri West  Mumbai,tel:+912226396520,Shop No-7  Embassy  X-15  Shashri nagar  Andheri West  Mumbai - 400053  Near lokhandwala circle,8
Azad Electric & Hardware Stores in Vile Parle West  Mumbai,tel:+912226287427,Shop-2 3  Kadri Park  S.V Road  Vile Parle West  Mumbai - 400056  Opp. Kunal Motors,3
Sterling And Wilson Electricals(P)Ltd in Fort  Mumbai,tel:+912256332070,2nd Floor  H.Somani Marg  Fort  Mumbai - 400001,1
Kamal Electric & Hardware Stores in Kopri Colony-Thane East  Mumbai,tel:+912225325574,Shop No 8 Kishore Nagar  Station Road  Kopri Colony-Thane East  Thane - 400603  Kishor Nagar Opp Gaondevi Mandir,7
Bombay Sales & Service in Mira Road  Mumbai,tel:+919820664365,Shop No.7  Blgd A/4  Sec-6  Mira Road  Thane - 401107  Shanti Nagar,5
Pal Electrical Sales And Services in Andheri East  Mumbai,tel:+919322743847,Baul Pals Chawl  Mahakali Caves Road  Andheri East  Mumbai - 400093  Opposite Model Town  Near Takshila Building,9
Patel Electricals in Juhu  Mumbai,tel:+912226254023,Gulmohar Cross Road No.11 J V P D Scheme  Juhu  Mumbai - 400049  Near Saurashtra Society,3
Gada Power Electricals in Matunga East  Mumbai,tel:+912224014917,373  Patel Mahal  Shop No-14  Bhandarkar Road  Matunga East  Mumbai - 400019  Near Maheshwari Udyan,9
Vora Electric Service in Lower Parel  Mumbai,tel:+912266602302,Unit No 15 2nd Floor Mahalaxmi Industrial Estate  D C Road  Lower Parel  Mumbai - 400013  Gandhi Nagar,5
Sagar Electricals in Marine Lines  Mumbai,tel:+912238549815,20  Mitthaiwala Building  1st Floor  Room No 8  Jss Road  Marine Lines  Mumbai - 400020  Near Marine Lines Station  Chandan Wadi,1
City Lights in Warden Road  Mumbai,tel:+912223643745,2-B  Nasrullah Terrace  Nepeansea Road  Warden Road  Mumbai - 400026  Mukesh Chowk,13
E Gallery in Mira Road  Mumbai,tel:+912228121833,Shop No Sb-3 Shantinath Darshan  Shanti Park Road  Mira Road  Thane - 401107  Opposite  Saint Xavier High School,0
Satyam Electricals & Hardware in Borivali West  Mumbai,tel:+912228944564,Shop No 2  Tone Compound  Borivali West  Mumbai - 400103  IC LIC Colony Junction  Near Church,9
Shubodh Electricals PVT LTD in Malad West  Mumbai,tel:+912228760568,107  Peri Winkle   Malad Link Road   Malad West  Mumbai - 400064  Opp Shakti Showroom ,2
Guru electricals in Andheri West  Mumbai,tel:+912226368779,Shop no-3 bldg.no-2  Shastri nagar  Andheri West  Mumbai - 400053  Near-lokhandwala complex,9
Colaba Electric Works in Colaba  Mumbai,tel:+912222187565,61 A N Parikh Marg  Colaba  Mumbai - 400005  Opp Rustom And Co ,0
Hamza Electric &Electronics in Bandra West  Mumbai,tel:+912226006695,115-C  Shop No 01 Belleview Appartment  Dr Ambedkar Road Pali Naka  Bandra West  Mumbai - 400050  Next To SBI Bank,7
Alina Electricals in Colaba  Mumbai,tel:+912222187929,61  Arsiwala Bldg  Wood House Road  Colaba  Mumbai - 400005  Opp charag din,3
CKR Associates in Vashi  Mumbai,tel:+912227840403,Plot No. 2 3 & 4  401/402  Commodity Exchange Building  Vashi  Navi Mumbai - 400703  Sector 19,1
Mahaveer electric & hardware in Bhandup West  Mumbai,tel:+919820799530,shop no66  Agarwal compound  Quarry rd  Bhandup West  Mumbai - 400078  Behind mangatram petrol pump,0
Swastik Electric And Hardware Store in Andheri West  Mumbai,tel:+917710821246,shop no-915  New Link Road jogeshwari (w)  Andheri West  Mumbai - 400053  opp.wagad wisha hall,0
Chandresh Kumar in Kandivali East  Mumbai,tel:+918286728496,Mahadev Apartment  Kandivali East  Mumbai - 400101  Near 287 Last Bus Stop  N G Suncity  Thakur Village,0
Rajput Electricians in Bandra West  Mumbai,tel:+918689878375,Shop No  Haji Mohd Noora Lane  Bandra West  Mumbai - 400050,0
Jai Prakash Electricals in Borivali West  Mumbai,tel:+912228067510,Bhaskar Mali Chawl  Borivali West  Mumbai - 400092  Near Garden  SAI Baba Nagar,0
Raju Electrician in Goregaon East  Mumbai,tel:+919768967092,Verma Enclave  OPP Vaageshwari Temple  Goregaon East  Mumbai - 400065  Film City Rd,1
International trading corporation in Borivali West  Mumbai,tel:+919870864966,Shop no 2 mangal thirth bldg.  Gymkhana road  Borivali West  Mumbai - 400092  Govind nagar,0
Satyam Appliances Agency in Borivali West  Mumbai,tel:+912228942988,Shop No 6  Haveli  Chandavarkar Road  Borivali West  Mumbai - 400092  Near Ranichura Circle,0
S P Enterprises in Rabale  Mumbai,tel:+919702109201,Shop No 01  Rabale  Navi Mumbai - 400701  Rabale Gaon  Near Datta Mandir,0
Cool Point in Andheri West  Mumbai,tel:+919324356285,New Link Rd No 3  Andheri West  Mumbai - 400053  Bhd Gausta Masjid Nr Lotus Petrol Pump,1
Diwan Electronics in Mulund West  Mumbai,tel:+912225623374,Shop No 7  Mataji Building  N S Road  Mulund West  Mumbai - 400080  Opposite IDBI Bank  Near City Bank ATM,7
Lalit Hardware & Electricals in Mulund West  Mumbai,tel:+912225646206,Mulund West  Mumbai  J N Road  Mulund West  Mumbai - 400080,5
Ashtvinayak Electrical Works in Kopar Khairane  Mumbai,tel:+919821267181,Shop no 2 Swastik Villa  Sector 12 B  Kopar Khairane  Navi Mumbai - 400709  Near Fam Society,2
Turbhe Electricals in Turbhe  Mumbai,tel:+912227833864,Shop No 83/A  Turbhe  Navi Mumbai - 400705  Sector 23  Janta Market,7
P.K.Electricals in Bhandup West  Mumbai,tel:+912225665966,Shop No 8 Sardar Pratap Singh Indl Estate No 3  LBS Marg  Bhandup West  Mumbai - 400078  Opp Pannalal Compound,1
A T S Electrical in Mira Road  Mumbai,tel:+919167297688,Shop No 42  Raj Reality Building  A Wing  Masjid Road  Mira Road  Thane - 401107,1
Mega electric & hardware in Mira Road  Mumbai,tel:+918108801373,Shop no 5  shidart nagar  Mira Road  Thane - 401107  Opp snehaajali mall,0
JAI Ambe Aluminium Electricals & Hardware in Kandivali East  Mumbai,tel:+912228548321,Shop no.8  gokul galaxy  Thakur Complex  Kandivali East  Mumbai - 400101  Near cambridge school,7
Pandey Electricals in Andheri East  Mumbai,tel:+912238512574,Office No 15 B  1/3 Matru Chhaya Chs  Chandivali Farm Road  Andheri East  Mumbai - 400072  Sangharsh Nagar,7
Shree Yadav Electricals in Bhayandar West  Mumbai,tel:+912238529553,3-D Waghani Vihar  Narayan Nagar  Modi Patel Cross Road  Bhayandar West  Thane - 401101  Near Maharana Pratap Garden,0
Vikas Electric & Hardware stores in Malad East  Mumbai,tel:+912228779204,Shop No. 3 Shiv Parvati Bldg  Haji Bapu Road!devchand Nagar  Malad East  Mumbai - 400097  Opposite Rupal Jewellers,1
Sarovar Traders in Vasai East  Mumbai,tel:+919422482165,1-2 Shushmita Apartment  Behind Water Tank  Evershine City  Vasai East  Thane - 401205  Behind Holy Family School  Opposite Deewan Market,22
Mehta Electric & Hardware Stores in Kandivali West  Mumbai,tel:+912228699969,Plot No 244  Amruta Shopping Centre  Ambedkar road  Kandivali West  Mumbai - 400067  Charkop Market  Sector No 5,3
Manish Electric & Hardware Store in Malad West  Mumbai,tel:+912228811604,Shop.No. 1  Kaustubh Building  Link Road  Evershine Nagar  Malad West  Mumbai - 400064  Opp. Bank Of India,8
Ajanta Electric & Hardware Store in Malwani Colony-Malad West  Mumbai,tel:+918898124140,Shop No 04 Plot No 36  Deva Building  Malwani Mahada No.08  Malwani Colony-Malad West  Mumbai - 400095  Opposite Dr Karajodkar Clinic,5
Rajkamal Electric & Hardware Stores in Malad West  Mumbai,tel:+912228807459,BMC Cly No 1shop No 121  Marve Road  Malad West  Mumbai - 400095  Opposite Fire Brigade,3
Patel Electricals  in Borivali West  Mumbai,tel:+919029292922,Shop No.12  Shailesh Apt.  Mandeshwar Road  Borivali West  Mumbai - 400092  Near Station,2
Super electronic in Santacruz West  Mumbai,tel:+918108644741,Shop no.3  Gharband road  Santacruz West  Mumbai - 400054  Opp Hera moti bulding,0
Krishna electrician in Khar West  Mumbai,tel:+919930284880,Ambedkar road  Danda road  Khar West  Mumbai - 400052  Opp mamaji jewellers,0
Safety Group Of Companies in Fort  Mumbai,tel:+919867331222,Fort  Mumbai - 400001  Behind Handloom House  Above Society Restaurant,1
Tiwari Electric Works in Girgaon Chowpatty  Mumbai,tel:+912223675723,Shop No 3a  3/Chiranjilal Loyalka Marg  Girgaon Chowpatty  Mumbai - 400007  Chwowpaty Band Stand,4
Nilesh Electrical Engineering Works in Malad East  Mumbai,tel:+912238519462,1005  K D Heights  Building No 2  Ranisati Marg  Malad East  Mumbai - 400097  Opposite Laxmi Narayan Mandir,3
NEO Electronics in Andheri West  Mumbai,tel:+912226368958,A 2  Pink Apt  J P Road  Andheri West  Mumbai - 400061  NR Seven Bungalows Garden  Versova,0
Suman electric in Vasai East  Mumbai,tel:+918286525287,Shop no 9  Vasai East  Thane - 401208  Navghar road,0
Vishal Electrical in Kopar Khairane  Mumbai,tel:+919167640507,Shop no 267  SS3  Sector 17  Kopar Khairane  Navi Mumbai - 400709  Near Shivaji Rao Patil Garden,1
Vijay Electrical in Mahim  Mumbai,tel:+919167248232,Pitamber Road  Mahim  Mumbai - 400016  Opposite Canara Bank  Near Railway Station,1
Vijay Electronics in Vasai Road West  Mumbai,tel:+919029263024,Shop no.4  Dindayal nagar  Vasai Road West  Thane - 401202  Opp-ICICI bank,0
Divine Electricals in Borivali West  Mumbai,tel:+912228926643,Shop No-4  Haridas  I C Colony  Borivali West  Mumbai - 400103  Near Marry Imaculate High School,5
Glo Right Electricals in Lohar Chawl  Mumbai,tel:+912222060146,65 Shreeji Bhavan  Kitchen Garden Lane  Lohar Chawl  Mumbai - 400002  Opposite Vireshwar Hotel,1
Paras Electricals in Ulhasnagar No 3  Mumbai,tel:+912512701555,Station Road  Ulhasnagar No 3  Thane - 421002,2
Adarsh Electric in Dombivli East  Mumbai,tel:+912512455624,Shop No 6  Aabha  CHS  Phadke Road  Dombivli East  Thane - 421201  Near Ganpati Mandir,4
Sarita Electrical in Thane West  Mumbai,tel:+919819197810,403  A Wing  Anandi Mata Society  Thane West  Thane - 400601  Near Parsik Bank  Kharegaon Pathdi,2
Light Corner in Mulund West  Mumbai,tel:+912225603762,Shop No 6  Rohini Apartments  R R T Road  Mulund West  Mumbai - 400080  Near Canara Bank,2
Navedia Electric & Hardware Stores in Bhandup West  Mumbai,tel:+912238580813,Shop No 10a  Gururamdas Market  Village Road  Bhandup West  Mumbai - 400078  Opposite Usha Nagar Society,7
Mahaveer Electric & Hardware in Vikhroli East  Mumbai,tel:+912225748930,Group No 5  Vikhroli East  Mumbai - 400083  Near Shivsena Shakha  Santoshi Mata Nagar,1
Leena Powertech Engineers PVT LTD in Cbd Belapur  Mumbai,tel:+912261389142,SAI Chambers  Sector-11  Cbd Belapur  Navi Mumbai - 400614  Infront Of Bluedart Office,2
SHREEJI ELECTRIC AND HARDWARE in Kandivali East  Mumbai,tel:+912266430709,Shop No.14 Building No.62 EMP  thakur village  Dream park road  Kandivali East  Mumbai - 400101  Beside Dream Park,5
Kailash Electric & Hardware in Borivali East  Mumbai,tel:+912238557674,Shop No 2  Dheeraj Severa  Borivali East  Mumbai - 400066  Siddharth Nagar  Thakur Village,2
Chhaya Electricals in Seawoods  Mumbai,tel:+912239291837,Shop No 3  Shreeji Milap  Plot No 52  Sector 40  Seawoods  Navi Mumbai - 400706  Near D mart,0
Manmohan Electrical And Hardware Stores in Mira Road  Mumbai,tel:+912228103898,18 Chanddan Valley  Mira Bhayander Road  Mira Road  Thane - 401107  Opposite Shivaar Garden,1
Vandana Electric & Hardware Stores in Dahisar  Mumbai,tel:+912232023718,Shop No 17 Chintamani Nagar  Shiv Vallabh Rd  Dahisar  Mumbai - 400068  Ashok Van,0
Vishwa Enterprises in Dahisar  Mumbai,tel:+912228955753,Shop no.1  Shree Sawli  B Tawade Marg  Dahisar  Mumbai - 400068  Behind Bank Of Baroda,1
Harsh Electric Co in Kandivali East  Mumbai,tel:+912228862676,Shop No 8 Gandhi Building  Akurli Road  Kandivali East  Mumbai - 400101  Opposite To BMC Hospital,5
Clanish Electrical Hardware in IC Colony-Borivali West  Mumbai,tel:+919819694018,Shop No. 8  A  Golders Green Bldg. No. 2  I C Colony  Holy Cross Lane  IC Colony-Borivali West  Mumbai - 400103  Opp. Saidham Temple,1
Right Connections in Andheri East  Mumbai,tel:+912228382101,Poonam Vihar  Gr Flr  B Wing  Shop-17  Andheri East  Mumbai - 400093  Poonam Nagar,3
Power Solutions in Mahakali-Andheri East  Mumbai,tel:+919969291801,Shop No 3  Mishra Chawl  Mahakali Caves Road  Mahakali-Andheri East  Mumbai - 400093  Opposite Municipal School,1
JAI Jalaram Enterprise in Kandivali West  Mumbai,tel:+912228051792,Subodh Kunj  S V Road  Kandivali West  Mumbai - 400067  Opposite Dena Bank,3
Rekha Electric Servics in Borivali West  Mumbai,tel:+912228999119,Sharda Estate  Vasira Naka  L T Road  Borivali West  Mumbai - 400092  bhoomi hight,2
Raju Electrical in Andheri East  Mumbai,tel:+912228391334,Shop No 8   Archana Apartment  Mahakali Caves Road  Andheri East  Mumbai - 400093  Near Holy Spirit Hospital,3
Sagar Electricals & Hardware Stores in Kandivali West  Mumbai,tel:+919892835522,Shop No 7  Shiv Sagar Building  Kandivali West  Mumbai - 400067  Sector 1  Charkop,2
Jitendra Electrical in Malad West  Mumbai,tel:+919869835562,Liberty Garden Road No 2  Malad West  Mumbai - 400064  Near BMC Office,0
K Sharma Electricals in Chembur East  Mumbai,tel:+912225213442,94/C  Balkrishna Building  N G Acharya Marg  Chembur East  Mumbai - 400071  Near Adrash Hotel,1
Shri Laxmi Sales & Service in Malad West  Mumbai,tel:+919892769705,Shop No 3 Deep Niketan Building  Malad West  Mumbai - 400064  Near Mittal College,0
Fachmann in Andheri East  Mumbai,tel:+919223549603,A - 1  Savitri Sadan  Old Nagardas Road  Andheri East  Mumbai - 400059  Opp Chennai College,3
Riddhi Electric & Hardware in Andheri West  Mumbai,tel:+912232927622,Shop No 3  Plot No 580  Andheri West  Mumbai - 400053  Opp Tarapore Tower  Adarsh Nagar  Lokhandwala,7
A 1 Electric & Plumber in Juhu  Mumbai,tel:+912226255679,Shop No 8  N S Road No 5  Juhu  Mumbai - 400049  Jvpd Scheme,8
Sainath Electrical Works in Sion  Mumbai,tel:+919594761672,Indura Nagar  T T Road  Sion  Mumbai - 400022  Sion Koliwada  Near Ravi Raja,0
R Lite Electrical in Sion  Mumbai,tel:+912224013841,Mary Land Corner Building  P V Chidambram Marg  Sion  Mumbai - 400022  Sion Circle,1
Speed Electricals & Electronics in Santacruz West  Mumbai,tel:+912226055100,G/46  16th Road  Santacruz West  Mumbai - 400054  Opposite Bloomingdales School,9
Saraswati Electric & Sanitaryware in Khar East  Mumbai,tel:+912226471527,Shukla Chawl  JAI Prakash Road  Jay Prakash Road  Khar East  Mumbai - 400051  opp railway colony,1
Modern Furniture Art in Bandra West  Mumbai,tel:+919619980514,K C Marg  Bandra West  Mumbai - 400050  Near Anand Gymkhana  Next To Maharashtra Pan Bedi Shop,1
Yashmun Engineers Ltd in Matunga East  Mumbai,tel:+912224094888,C/O The Tata Power Co Ltd  Dharavi Road  Matunga East  Mumbai - 400019  Next To MSEB,1
Dadar Electrics Works in Dadar West  Mumbai,tel:+918097305855,Ankur Co-Op-HSG Society  S.k.bole Road  Dadar West  Mumbai - 400028  Near Jain Hospital,2
Milan Enterprise in Virar West  Mumbai,tel:+912502500954,Shop No 3 4 5b 6a 6b Kashinjali Complex  Agashi Road  Virar West  Thane - 401303  Near Vitthal Mandir  Opposite State Bank Of India,2
Cool Comfort in Worli  Mumbai,tel:+919821569990,Subedar Ramji Ambedkar Nagar  A G Khan Road  Worli  Mumbai - 400018  Near Worli Road,2
Prabhat Power Tech Pvt Ltd in Bhandup West  Mumbai,tel:+912225921550,Ashok Indl Estate 124  Lbs Marg   Bhandup West  Mumbai - 400078,1
MCS Electricals in Vashi  Mumbai,tel:+912230985054,10  Palm Beach Road  Vashi  Navi Mumbai - 400703  Sanpada,1
Subhash Electrician in Malad West  Mumbai,tel:+912238533816,Innaswadi Anil Singh Compound  Marve Road  Malad West  Mumbai - 400064  Opposite Fish Market No 1  Kharodi Village,0
Jindal Electrical Works in Ulwe  Mumbai,tel:+912238533673,Flat No 903  Tricity Sky Building  Sector No 19  Off Uran Road  Ulwe  Navi Mumbai - 410206  Near Tricity Pride & Plot No 130  Wahal,0
J J Electricals in Goregaon West  Mumbai,tel:+919821284140,Near Lalit Bar  Station Road  Goregaon West  Mumbai - 400062  Near Topiwala Centre,0
omkar in Malad East  Mumbai,tel:+919867889197,shop no 4  b l k mubaraka marg  Malad East  Mumbai - 400097  opp dhiraj apt,0
Blue Aircon Electricals in Goregaon West  Mumbai,tel:+919833120544,Kranti Chawl No-1 Bhagat Singh Nagar  New Link Road  Goregaon West  Mumbai - 400104  Opposite Oshiwara Bus Depot,0
Hari Om Electric & Hardware in Chandivali-Andheri East  Mumbai,tel:+912228575270,Shop No 13  Woodland Heights  Sangharsh Nagar  Chandivali-Andheri East  Mumbai - 400072  Opp Forbes Company,0
Patel Electricals in Borivali West  Mumbai,tel:+912228985215,Shop No.B-7  Bldg No.E-18  Yogi Nagar Road  Borivali West  Mumbai - 400091  Opp Dena Bank,4
Prabha Electricals in Goregaon West  Mumbai,tel:+912228735287,130  Jawahar Nagar  Station Road No 1  Goregaon West  Mumbai - 400062  Opposite Bank Of Baroda ,0
Singh Electricals in Chembur West  Mumbai,tel:+912225297915,A/001  Ground Floor  Kripa Nilaya Chs  Building No 38  Chembur West  Mumbai - 400089  Tilak Nagar,3
Bhavana Electricals in Matunga East  Mumbai,tel:+912224143084,Shop No.15  Kothari Mansion  L N Road  Matunga East  Mumbai - 400019  Opposite To Matunga Railway Station,3
Bharat Electricals in Ulhasnagar No 3  Mumbai,tel:+912512564582,59  Laxmi Market   1st Floor  Ulhasnagar No 3  Thane - 421002  Near Axis Bank,0
Safetech Controls & Systems Pvt Ltd in Dombivli East  Mumbai,tel:+912512456311,Re-14 Raj Laxmi  MIDC Gymkhana Road  Dombivli East  Thane - 421201  Opp New S T Bus Stand,0
Vinay Electricals in Kalwa  Mumbai,tel:+912225383160,202 Yogesh Apartments  Kalwa  Thane - 400605  Manisha Nagar,1
New Aashapura Hardware Store in Thane West  Mumbai,tel:+919987122387,Shop No -1 Freinds Apt   Bhattwadi  Thane West  Thane - 400601  Kisan Nagar-3 ,1
Anil Electrical Works in Mulund West  Mumbai,tel:+919619318869,Indra Nagar No 2  J N Road  Mulund West  Mumbai - 400080  Near Mehul Cinema,2
S S Engineering in Vashi  Mumbai,tel:+912238523249,B 104  Vashi Plaza  Sion Panvel Highway  Vashi Sector 17  Navi Mumbai - 400703  Near Railway Station,6
Sai Electrical Work in Vashi Sector 17  Mumbai,tel:+919324114343,Shop No 35 B   Anand Sagar  Vashi Sector 17  Navi Mumbai - 400703  Near Mcdonalds Family Restaurant,1
Shanti Electricals in Vashi  Mumbai,tel:+918652574205,F Type Market  Vashi  Navi Mumbai - 400703  Behind Diamond Jewellers  Sector 6,2
Munna Electrical & Repairing in Cbd Belapur  Mumbai,tel:+912265298743,Shop No 1  A1/69  Cbd Belapur  Navi Mumbai - 400614  Opposite Mango Garden  CBD Belapur  Sector 2,0
Bhagwati Electric Hardware Stores in Powai  Mumbai,tel:+919167880464,Shop no 2  Powai  Mumbai - 400076  Near Powai Hospital  Opposite IIT Main Gate,0
Balaji Electrical in Mira Road  Mumbai,tel:+918767291113,Shop No 9  Krishnadham  Mira Bhayandar Road  Mira Road  Thane - 401107  Near Pleasant Park,20
Uma Electricals in Mira Road  Mumbai,tel:+919892119797,B/11/204 Shanti Vidyanagri Anand Co Op Housing Society  Mira Road  Thane - 401107  Near Gcc Club,1
Krishna Electricals Sale & Service in Mira Road  Mumbai,tel:+919768055313,Shop No-28  Rashmi Drashant Building  Mira Road  Thane - 401107  Near 15 No Last Bus Stop Mangal Nagar,0
Shastrye enterprises in Mira Road  Mumbai,tel:+912238555660,Shop no-103 Shanti park  Gogol village  Mira Road  Thane - 401107  Near vijay sales,1
National Electronics in Borivali East  Mumbai,tel:+919969864019,Shop no 2 Hanuman Nagar  S V Road Hanuman Mandir  Borivali East  Mumbai - 400066  Opp Ashtha Medical,2
S R Electric Works in Dahisar  Mumbai,tel:+919892477096,Shop No.7 Mioshra Chawl  Hamuman Nagar Chartan Nagar  Dahisar  Mumbai - 400068,0
Chetan Electric & Hardware Stores in Borivali West  Mumbai,tel:+912228981841,Shop No 8  maha krupa chsl  Shimpoli Road  Borivali West  Mumbai - 400092  Near Gokhale High School  near reliance mall,1
Kohinoor Electrics in Bhayandar East  Mumbai,tel:+919869337289,Navghar Rd  Bhayandar East  Thane - 401105,1
Professionals in borivali west  Mumbai,tel:+919892288989,Shop No.S/3 Celestial Arc  3rd Cross Rd  borivali west  Mumbai - 400103  IC Colony,2
Yadav Enterprise in Ghatkopar East  Mumbai,tel:+912225062692,Nupur Building  Plot No 185  Shop No 3  Vallabh Baug Lane  Ghatkopar East  Mumbai - 400077  Garodia Nagar  Near Puspa Vihar Hotel,1
K P ELECTRICALS in Bhayandar West  Mumbai,tel:+919773953505,22  Pushpa Niketan  Temba Road   Bhayandar West  Thane - 401101  Near Temba Hospital ,1
R K Electricals in Borivali West  Mumbai,tel:+912228337226,Shop No 3  Surya Kiran Building  L T Road  Borivali West  Mumbai - 400091  Opposite Amazon Society  Jairaj Nagar  Vazira Naka,3
Ajit Electricals in Malad West  Mumbai,tel:+912228812219,Shop Number 1  Vibhako Building  Mamledar Wadi Road  Malad West  Mumbai - 400064  Opposite To Road Number 1,10
Hasmukh Electric & Hardware Store in Andheri East  Mumbai,tel:+912245106513,Shop No 13  Pinnacle Business Park  Mahakali Caves Road  Andheri East  Mumbai - 400093  Near Shanti Nagar Bus Stop,2
om sai prashad electricals n electroniics in Malad West  Mumbai,tel:+912238582258,Shop No 3  mota pada road  Malad West  Mumbai - 400064  Opposite KG Mittal College  Nahar Nagar,3
Modern Electric & Hardware in Malad west  Mumbai,tel:+919920624588,Shop No.4   Navjeevan Building  Evershine Nagar  Malad west  Mumbai - 400064  OPP People,1
Mukesh Electrician in Goregaon West  Mumbai,tel:+919833309744,Shop No.771 Motilal Nagar No.1  Road No.97  Goregaon West  Mumbai - 400104  Near Ricsha Stand,0
New Electrical & Hardware in Kandivali West  Mumbai,tel:+917303355355,Shop No-197  Ganesh Nagar  Kandivali West  Mumbai - 400067  Opp Mahada,0
Dhanalaxmi Electricals And Hardware in Malad West  Mumbai,tel:+919004358297,Shop No 26  Deepmala Building  Malad West  Mumbai - 400095  Baf-Hira Nagar  Opposite Anuradha Hospital  Malawni Gate-1  Off Marve Road,1
Dinesh Electrician in Adarsh Nagar-Andheri West  Mumbai,tel:+919819951746,304 Shakti Nagar Seva Sangh Sra HSG. Soc   Adarsh Nagar-Andheri West  Mumbai - 400053,1
A1 Electrical Hardware&Paints in Santacruz East  Mumbai,tel:+919967528114,171 1C-A Ground Floor  Sharda  Kalina- Kurla Road  Santacruz East  Mumbai - 400029  Opposite To CANARA Bank,1
Twilight Convergence Services in Andheri West  Mumbai,tel:+919870158985,shalimar maurya  Andheri Link Road  Andheri West  Mumbai - 400053  opp infinity mall,0
Twinkle Electricals in Vile Parle West  Mumbai,tel:+919820806177,Shop No 3  Nivant Building  Bajaj Road  Vile Parle West  Mumbai - 400056  Opposite Maharashtra Bank,1
Bharat Electric Stores in Santacruz West  Mumbai,tel:+912226129236,Sharad Kunj  Tilak Road  Santacruz West  Mumbai - 400054  Opp Rly Station,4
Pooja Electrical & Hardware Shop in Vasai Road West  Mumbai,tel:+912502233731,Shop No 21  Vasant Karishma Complex  Ambadi Road  Vasai Road West  Thane - 401202,1
Pramanik Centre in Vasai Road West  Mumbai,tel:+912502332358,Opp St Depot  Station Road   Vasai Road West  Thane - 401202,2
Ashapura Electric & Hardware Stores in Vasai Road West  Mumbai,tel:+912502342534,Girnar Mahal  Shop No 7  Ambadi Road  Vasai Road West  Thane - 401202  Near Panchwati Hotel And Axis Bank,1
Salim Bash Electrician in Dharavi  Mumbai,tel:+919867591488,Shop No 472  Dharavi  Mumbai - 400017  Prabhakar Kunte Nagar  Taj Lands End Ho  Tekda Masjid,0
Bhagyalaxmi Elecrical And Hardware Stores in Antop Hill  Mumbai,tel:+912227904775,Shop No 144  S M D Road  Antop Hill  Mumbai - 400037  Opposite Sector 7,1
Star Electricians Works in Bandra West  Mumbai,tel:+912238568326,Shop No 32  A K Marg Road  Nandi Gali  Bandra West  Mumbai - 400050  Near Amber Hotel   National School,13
Global Interior Decorator in Bandra East  Mumbai,tel:+912238562116,E 26  Madina Bldg  A K Marg   Bandra East  Mumbai - 400051  Nr Bandra Court Opp Dhiraj Tower,1
Pramanik Store in Bandra West  Mumbai,tel:+912238548866,Shop No 80  Bazaar Road  Bandra West  Mumbai - 400050,2
Sahil Electricals in Bandra West  Mumbai,tel:+919322901713,Room No 58  Rajiv Nagar  Bandra West  Mumbai - 400050  Behind Jain Mandir,0
Kismat Electric Hardware & Plumbing Store in Mahim  Mumbai,tel:+912224459904,Shop No 04  Ruby House Co. Ho. Society  S T Road  Mahim  Mumbai - 400016  Opposite Victoria Hightschool,2
Virar electrical in Virar East  Mumbai,tel:+919324737859,Shop-6 om garden  Manval pada road  Virar East  Thane - 401305  Near Manval pada talav,1
Sbr Engineers in Dadar West  Mumbai,tel:+918975357718,Shop no 4  Abrol Front view  P P Marg  Virar West  Thane - 401303  Near virat nagar ground,1
Amar Electricals in Virar West  Mumbai,tel:+912503058559,Shop No 2  Paramjeet Nagar. Revati Palace  M B Estate Road  Virar West  Thane - 401303  Near Nagori Dairy  Opposite Petrol Pump,0
Bharat Hardware & Electric Stores in Charni Road  Mumbai,tel:+912223886174,shop no- 414 Harharwala Bldg  Pathe Bapurao Marg  Charni Road  Mumbai - 400004  Opp Moti Cinema Nr Gokul Hotel,1
Satyam Electricals in Kalbadevi  Mumbai,tel:+919821107017,Ground Floor  45 G K Building  Vithaldas Road  Kalbadevi  Mumbai - 400002,1
A B Mistry & Co in Girgaon  Mumbai,tel:+912223862208,194-D Gaiwadi  J S S Road  Girgaon  Mumbai - 400004,0
Maharashtra Electricals in Marine Drive  Mumbai,tel:+912222814334,98 Neelkanth  Marine Drive  Marine Drive  Mumbai - 400020,0
United Electronic Corporation in Fort  Mumbai,tel:+912222652495,Room No 6 3rd Floor Central Bank Bldg  Homi Midi Street  Fort  Mumbai - 400001,1
Ambika electricals in Turbhe  Mumbai,tel:+912227846101,Plot num 20 Janta market  Sector 23  Turbhe  Navi Mumbai - 400705  Apmc Market  Fruit Division  Sector 19,0
Super Electricain in Nerul  Mumbai,tel:+912227714193,Shop No-1  Plot No-11/12A  Nerul  Navi Mumbai - 400706  Shiravne Village Opposite Dy Patil Collage,1
Rao Electricals in Mira Road  Mumbai,tel:+919699958569,A-402   Hiral Green  Mira Road  Thane - 401107  Near Royal College Paundrang Wadi,0
Rahul Electronics in Ghatkopar East  Mumbai,tel:+919892454094,Naydu Colony  Ghatkopar East  Mumbai - 400075  Opposite Building No 157  Pant Nagar Circle,0
B J P Electricals in Borivali East  Mumbai,tel:+912228704797,10 Indira Apartments  Dattapada Road  Borivali East  Mumbai - 400066  Opp SBI Bank,1
Patidar Electric in Borivali West  Mumbai,tel:+912238513795,Shop No 10  Tulsi Vrunda Chs  L T Road  Borivali West  Mumbai - 400092  Opposite Savarkar Marg,2
Pravin Machine Tools in Khar West  Mumbai,tel:+912226461842,Shop no. 5  Mishra House  1st Road  Khar West  Mumbai - 400052  Near Corporation Bank,5
Mahaveer Electric Services in Poisar-Kandivali West  Mumbai,tel:+912238531951,56  Raj Arcade  Poisar-Kandivali West  Mumbai - 400067  Opposite D Mart  Mahavir Nagar,2
Sai Lift Service in Bhayandar East  Mumbai,tel:+919967687600,Shree Ram Apt Shop 19  Station road  Bhayandar East  Thane - 401105  opp shiv shakti center,0
Darshan Light & Art in Borivali West  Mumbai,tel:+912228010412,Shop No 15 Royal Complex  Eksar Road  Borivali West  Mumbai - 400092,0
Imran Electrician in Mahalaxmi  Mumbai,tel:+919867877914,Shop no 3  Masjid gali  Mahalaxmi  Mumbai - 400011  Jacob Circle,0
Ekta electric hadware shop in Goregaon West  Mumbai,tel:+919892609420,Shop no 1  mmrd colony bldg no DR-3  Ram Mandir Road  Goregaon West  Mumbai - 400104  Behind movie star,0
JYOTIRLING ELECTRICAL in Kharghar Sector 4  Mumbai,tel:+919867349954,B-103  Shantikunj C H S  Plot no. 14/D  Kharghar Sector 4  Navi Mumbai - 410210  Near YMT College,0
Sitaram Electrical shop in Mira Road  Mumbai,tel:+919833383712,Shop no 19 Megha complex  Shanti nagar road  Mira Road  Thane - 401107  shanti nagar,0
Mahalaxmi tarders in Khar West  Mumbai,tel:+912226487451,Shop no.10 rahat manzill  Dr Ambedkar Road  Khar West  Mumbai - 400052  Opp.hanuman temple,0
Paras Sales Corporation in Kalyan City  Mumbai,tel:+919323274823,Shop No 3 Trimurti Apartment  Station Road  Kalyan City  Thane - 421301  Shivaji Path,0
Electric Point in Thane West  Mumbai,tel:+912225384723,8 Kumar Ashish Co  Op  Ram Maruti Rd   Thane West  Thane - 400601,0
Rs Electrical And Engineering Work in Mulund West  Mumbai,tel:+912225686547,3 Purushottam Kheraj Rd  Mulund West  Mumbai - 400080  Vidhyapati Nagar ,0
Kala Electric Sales And Service in Mulund West  Mumbai,tel:+912225672650,P K Road  Mulund West  Mumbai - 400080  Opp Keshav Pada,0
Danco Enterprises in Andheri East  Mumbai,tel:+912226875430,11 Apollo Indl Estate  Mahakali Caves Road  Andheri East  Mumbai - 400059  Chakala,0
Electric Service Centre in Kandivali West  Mumbai,tel:+912228052585,Kandivali West  Mumbai - 400067  Govt Indl Est  Opp Joy Ice Cream,0
Makhija Electricals in Goregaon West  Mumbai,tel:+912228753218,101/103 Shivam Chambers  S V Road  Goregaon West  Mumbai - 400062,0
Popular Electro Tech (I) Pvt.Ltd. in Kalina  Mumbai,tel:+912226664811,16-B  Church Road   Kalina  Mumbai - 400098,0
Kulkarni Electricals in Thane West  Mumbai,tel:+912227656370,Plot No 49 Row House No 3 Sudama Chs  Thane West  Thane - 400601,0
Adarsh Electricals Thane W in Thane West  Mumbai,tel:+912225838041,Plot No 158 Road No 27  Thane West  Thane - 400601,0
Gautam electric & Hardware in Bhandup West  Mumbai,tel:+919833022015,shop no 7  Vinayak sadan  Opp kukreja complex  Bhandup West  Mumbai - 400078  LBS Marg,0
Sara Electricals in Chandivali-Andheri East  Mumbai,tel:+912238517991,Sangarsh Nagar  Chandivali Palm Road  Chandivali-Andheri East  Mumbai - 400072  Near Durga Mandir And Building No 15,0
JEET ELECTRICIAN & AC SERVICES in Virar West  Mumbai,tel:+919970258288,Defodil bldg  Virat nagar  Virar West  Thane - 401303  Yashwant nagar,0
Yash Vinayak Electrical in Boisar  Mumbai,tel:+918407989777,Shop no. 11 Satyam Apts  Navapur Road  Boisar  Thane - 401501  Opp UCO Bank,0
Natraj Electricals in Malad West  Mumbai,tel:+919820865889,Shop No 10 R D Apartment  Station Road  Malad West  Mumbai - 400064  Near The Mall,0
Data Baba Electricals in Dahisar  Mumbai,tel:+919320156769,Shop no.2  Abdul Gaffar Chawl  SV Road  Dahisar  Mumbai - 400068  Opposite Ashish Bar,0
Shalem Electric in Bhayandar East  Mumbai,tel:+919920914170,Shop No-7  New Nandanvan Chs Ltd  Navghar Road  Bhayandar East  Thane - 401105  Near Mother Mary College  Kasturi Park,0
Perfect electricals in Vasai East  Mumbai,tel:+919673134126,Shop no 2   ram niwas  Sativali  Vasai East  Thane - 401208  Near bridge,0
Arjun Electric Work in Bandra West  Mumbai,tel:+919867495845,17   Silver Croft  Pali Mala Road  Bandra West  Mumbai - 400050  Near Pali Naka,0
Kaka Electric & Hardware in Sakinaka  Mumbai,tel:+912242735522,603  4 B  Saki Vihar Chs  Saki Vihar Road  Sakinaka  Mumbai - 400072  Near Savoy Hotel,1
Anil Jaiswal in Juhu  Mumbai,tel:+912238516000,Room No 46  Juhu Tara Road  Kishorkumar Ganguly Marg  Juhu  Mumbai - 400049  Near Royal Hotel  Opposite Princess Hotel  Indira Nagar,0
Gurukrupa Electrical and Lighting in Sion Koliwada  Mumbai,tel:+919821528233,Shop No.O-A42 1/2  Flank Road  Sion Koliwada  Mumbai - 400022  Opp GTB Station,0
Raigad Electrical in Seawoods  Mumbai,tel:+912238515555,Sukhmani Sadan Building  Room-103  1st Floor  Sector 23  Seawoods  Navi Mumbai - 400706  Near Seawoods Railway Station,0
PRADIP SALES & SERVICE in Powai  Mumbai,tel:+919930090391,lake home  chandivali farm road  Powai  Mumbai - 400076  Naer Lake home,0
Mangal Electric Service in Andheri East  Mumbai,tel:+919004989806,Shop-A/3  Mangal Bhavan  Old Nagardas Road  Andheri East  Mumbai - 400069  Opp Chiranjeev  Hospital,0
Raju Electric Contracter in Kandivali West  Mumbai,tel:+912238515692,C 105 Shiv Ganga Apartment  Kamraj Road  Kandivali West  Mumbai - 400067  Near Municipal Hospital  Bhabrekar Nagar,0
Deepak Electrical in Sion  Mumbai,tel:+919987602990,63 Floor  Greg 10  Gtb Nagar  Sion  Mumbai - 400022  Patra Shed  J K Bhasin,2
M G Electricals in Khar East  Mumbai,tel:+919702711031,Khar East  Mumbai - 400051,0
Ashish Electirc & Hardware in Malad East  Mumbai,tel:+912228495731,Shop No-1  Indira Nagar  Rani Sati Marg  Malad East  Mumbai - 400097  Near Hanuman Mandir,0
Satyam electricals in Andheri East  Mumbai,tel:+919967310414,Shop no.4  shri shakti building  Marol military road  Andheri East  Mumbai - 400059  Opp twin arcade,0
Shree Sounds & Electric Works in Charkop  Mumbai,tel:+919869120703,Plot No 933  Sector No 9  Charkop  Mumbai - 400067  Near Charkop Market,0
nayak electricals & inverters in Virar West  Mumbai,tel:+919890712948,shop no 2  chandra chs ltd  Ram mandir rd  Virar West  Thane - 401303  Near mahavir nursing home,0
Amar Shine Electricals in Ghatkopar East  Mumbai,tel:+912225062347,Shop No 16  Vikrant Building  Tilak Road  Ghatkopar East  Mumbai - 400077  Opp Vikrant Circle,3
Goswami Electricals in Mulund West  Mumbai,tel:+912225642422,Adarsh Vila  Dr R P Road  Mulund West  Mumbai - 400080  Near Bus Stop,3
M.J. Construction in Kharghar  Mumbai,tel:+919323028803,Plot No. G 84/34   Sector 12  Kharghar  Navi Mumbai - 410210  Behind Nimisha Hospital,0
Bright Morning Star Electricals in Dahisar  Mumbai,tel:+912238528358,Shop No 2  Galassia  Off Link Road  Dahisar  Mumbai - 400068  Kandar Pada  Behind Mcdonald,3
Laxmi Electricals in Chembur East  Mumbai,tel:+912225297911,Shop No 8  R C Marg  Chembur East  Mumbai - 400071  Near Rationing Office,3
Lokmanya Electrical &Hardware Stores in Vile Parle East  Mumbai,tel:+919969341645,Navsital Building Shop No-13  M.C Chakla Road Bamanwada  Vile Parle East  Mumbai - 400099  Near Cigarette Factory,0
Mamta Sales And Service in Andheri West  Mumbai,tel:+919869177161,Maitri Sadan Rambaug  Main Rd  .  Kalyan City  Thane - 421301  Kalyan(W),1
Audumbar Electricals in Kalyan  Mumbai,tel:+912222355728,G1 304  Ganga Lokgram Chs   Kalyan  Thane - 421304  Kalyan  ,1
New India Electrical in Mumbra  Mumbai,tel:+919322754137,Shop No 3.f-Chawl  Kausa  Mumbra  Thane - 400612  Rashid Compound,0
Vega Electric & Hardware in Manpada-Thane West  Mumbai,tel:+912225308487,Shop No5  Vega Shopping Centre  Ghodbunder Road  Manpada-Thane West  Thane - 400607  Hiranandani Estate,6
Digital Electric & Hardware in Thane West  Mumbai,tel:+919773601805,2  chandiwala apt.  Nr noor masjid  Thane West  Thane - 400601  Opp. Bape tower,0
Vardhman Electronics in Naupada-Thane West  Mumbai,tel:+919820820801,Shop no A-3 Lubine Bldg  Naupada-Thane West  Thane - 400602,2
Shree Krishna Electricals in Thane West  Mumbai,tel:+912238562369,Lbs Marg  Thane West  Thane - 400601  Opposite United 21 Hotel  Near Akshay Electrical,2
Vikas Electric & Hardware in Mulund East  Mumbai,tel:+919892118757,Shop No A-4 Mulund Mukti Tower  Mahada colony  Mulund East  Mumbai - 400081  Near Mahada Signal,0
Brijesh Electronics in Kopar Khairane  Mumbai,tel:+919702785822,Shop no. 48   SS-2  Seector - 5  Kopar Khairane  Navi Mumbai - 400709  opp. Annasaheb Patil Garden,0
Ever Shine in Kopar Khairane  Mumbai,tel:+919324960092,301  Mayuresh Apartment  Plot No 1210/4  Sector 12/D  Kopar Khairane  Navi Mumbai - 400709  Ram Nagar,13
Raj Electricals in Mulund West  Mumbai,tel:+912225619877,Ghosla Road  Mulund West  Mumbai - 400080  Opp Priyadarshani Bldg,8
Shree Krupa Electrical & Winding Works in Kopar Khairane  Mumbai,tel:+919833206242,Shop No 2  Sector 18  Kopar Khairane  Navi Mumbai - 400709  Near Shivaji Rao Patil Garden,2
Modern Electricals in Vashi  Mumbai,tel:+912227802496,Mahatma Gandhi Complex Shop No A-6  Sector14  Vashi  Navi Mumbai - 400703  Near Gaon Devi Mandir,0
Santosh Electrical Co Pvt Ltd in Bhandup West  Mumbai,tel:+912225966822,21 Bharat Indl Estate  L B S Marg  Bhandup West  Mumbai - 400078,1
Anil Enterprises in Vashi  Mumbai,tel:+917666002483,Simindher Bldg Room No. 8 Plot No. 39  Sec 15  Vashi  Navi Mumbai - 400703,1
Jameshwar Electric Hardware & Plumbing Stores in Bhandup West  Mumbai,tel:+919699943255,Shop No 5 Sadguru Shopping Centre  Tank Rd Closeby To Lodha Bldg.  Bhandup West  Mumbai - 400078  Near Munciple School.,1
Om Shivam Electric in Bhandup West  Mumbai,tel:+919869544259,Shop No 6 Keshav Shristi  L B S Marg  Bhandup West  Mumbai - 400078  Beside Punjab Hindu Hotel,0
Priyanka & Nidhi Enterprises in Vashi  Mumbai,tel:+912227826966,Room No 2  3rd Floor  Building No 12  C1type  Vashi  Navi Mumbai - 400703  Near Apna Bazar  Sector 2,2
Baljit Electricals in Vashi  Mumbai,tel:+912227890898,Raikar Bhavan  Plot no 9 shop no 21  Vashi  Navi Mumbai - 400703  Sector-17  Near Hotel Navratna,5
Purushotam Electrician in Kharghar  Mumbai,tel:+919820470241,Room No 15  Nishigandha Chs  Kharghar  Navi Mumbai - 410210  Near Nimisha Hospital  Sector 12,9
Surendra Electrical services in Borivali East  Mumbai,tel:+918149427689,Room No 10 Sayyed Ali Chawl  Borivali East  Mumbai - 400066  Kaju Pada,3
Safe On Electric And Hardware in Vashi  Mumbai,tel:+912227895888,Shop No 5  Merchant Centre  Sector 19  Vashi  Navi Mumbai - 400703  Apmc Market  Near A Mart,3
Sai Music Center in Vikhroli East  Mumbai,tel:+912225775585,Shop No 1750  Building No 171  Vikhroli East  Mumbai - 400083  Near Shivaji Chowk  Kannamwar Nagar,1
Atharva Enterprises in Kaju Tekdi-Bhandup West  Mumbai,tel:+912238558747,Shop No 02  E/2  Radha Nagar Chs  Pune Link Road  Kaju Tekdi-Bhandup West  Mumbai - 400078  Khadakpada  Radha Nagar Shopping Complex,2
Bhise Infoelec Pvt Ltd in Panvel  Mumbai,tel:+912227452909,1556 Shri Himgiri Chs  Shivaji Road  Panvel  Navi Mumbai - 410206  Opposite Adarsha Lodge,2
Raval Electrical & Electronics in Nerul  Mumbai,tel:+919757307924,Shop no 2  Chaitnya nagar  Powai  Mumbai - 400076  Opp iit main market,2
Metro Light House in Powai  Mumbai,tel:+912225796898,Shop No 7  Vimla Sadan Chawl  Apna Bazar Road  Powai  Mumbai - 400076  Opposite Phulora Housing Society  IIT Main Gate,3
Raj Electric & Hardware in Mira Road  Mumbai,tel:+919967126329,Shop no.7  Raj Lifestyle Building  Near Hatkesh Udyog Nagar  Mira Road  Thane - 401107  Opp GCC Club,0
Light Point in New Panvel  Mumbai,tel:+919867124452,Cosmo Villa Building Shop No-4 Plot No 16-18  Vijay Marg Sector 1  New Panvel  Navi Mumbai - 410206  Opposite  Cidco Office,6
R A Electric in Mira Road  Mumbai,tel:+919892836411,Shop no-18  om Vasundhara c.h.s.  Vijay park  Mira Road  Thane - 401107  Opp. Jangid estate,0
G S Electronics in Kandivali East  Mumbai,tel:+919833496287,Shop no.1  singh estate   thakur college  Singh estate road no.2  Kandivali East  Mumbai - 400101  Near Thakur College gate no.4,3
Ayesha Electricals in Mira Road  Mumbai,tel:+919702647086,Shree Heena Avenue  Naya Nagar  Lodha Road  Mira Road  Thane - 401107  Nr. Neelam Park,0
Dharati Electronics in Mira Road  Mumbai,tel:+919920717415,Eden Rose Shopping Centre Shop No 14  Mira Road  Thane - 401107  Kanakia Devli Park Opp Cinemax,0
Electrician Shop in Ghatkopar West  Mumbai,tel:+919869670725,Shop No 44  Sankesh Building  Mira Bhayander Road  Mira Road  Thane - 401107  Sanghavi Nagar,1
Saibaba Electronics in Mira Road  Mumbai,tel:+919322298630,620 SAI Sadan Penkarpada  Mira Road  Thane - 401107  Near Shankar Temple Opp Golden Chemicals Ltd,0
Divine Electric & Fabrication Works in Dahisar  Mumbai,tel:+912228485931,Shop No.38  Yudhistar Building  Anand Nagar Road  Dahisar  Mumbai - 400068  N.l.complex Dahisar-East,1
A 1 Electrician in Kandivali East  Mumbai,tel:+918097734056,Akurli Road  Kandivali East  Mumbai - 400101  Damu Nagar  Bhim Nagar,2
A1 Chandan Electrician in Kandivali East  Mumbai,tel:+912238527877,J Patel Chawl  Jamiya Compound  Poisar  Kandivali East  Mumbai - 400101,3
SAI Electricals Sales And Servcie in Mira Road  Mumbai,tel:+912228115399,Shop No 21 Shram Saphalya C.H.S.  Sheetal nagar  Mira Road  Thane - 401107  Opp. Gold coin bar & restaurant,1
OM ELECTRICAL & HARDWARE in Mira Road  Mumbai,tel:+918655053699,Shop No 3  Building No 3/4  Poonam sagar complex  Mira Road  Thane - 401107  Behind Paviwar Hotel  Poonam Sagar,1
Shivshakti electrics work in Borivali East  Mumbai,tel:+919920995047,Shop no.1  Carter Road 3  Borivali East  Mumbai - 400066  Dhanraj Service Centre Compound,0
SHREE RADHE KRISHNA ELECTRIC STORE in Borivali East  Mumbai,tel:+919819419337,SHOP.NO-08 DEV SADAN CHS  M.G.ROAD  Borivali East  Mumbai - 400066  OPP-SRK STUDIO,1
Raj Electrical & hardware in Mira Road  Mumbai,tel:+919867578124,Shop No.3  Bldg no. A/59  Sector 1  Shanti Nagar  Mira Road  Thane - 401107  Opp.Fish market,0
Deepali Electric & Hardware Stores in Andheri East  Mumbai,tel:+912228570914,Shop No 5  N K Shetty Chawl  Saki Vihar Road  Andheri East  Mumbai - 400072  Opp Oxford Chamber  Tunga Village,1
Sharddha Electric & Electronic in Ghatkopar West  Mumbai,tel:+919892518773,Shop No 3  L B S Marg  Ghatkopar West  Mumbai - 400086  Near Shri Ram Temple,0
Sheetal Electrical Solution in Andheri East  Mumbai,tel:+912228202006,Shop No 4  Marshal Rego House  Kondivita Road  Ram Krishna Mandir Road  Andheri East  Mumbai - 400059  MIDC,1
Manohar Electrical Engineering Works in Vasai East  Mumbai,tel:+912238512432,Jha Compound  Vasai East  Thane - 401204  Near Gorai Pada Hawai Pada,1
Mahalaxmi Electric & Hardwear Shop in Mira Road  Mumbai,tel:+919769309511,Shop no.1/2 Ulfat Manzil  Naya Nagar Road  Mira Road  Thane - 401107  Near Station,0
Raza Electrical in Dahisar  Mumbai,tel:+919967869799,Shop No.1 Shorabh Chawl  S.V.Road  Dahisar  Mumbai - 400068  Ambawadi,0
Pushpa Enterprises in Mankhurd  Mumbai,tel:+919594275900,B-198  Shiv Shankar Chawl  Mankhurd  Mumbai - 400043  JAI Hind Nagar  Sonapur,0
S R Electric Work in Andheri East  Mumbai,tel:+912238586031,Room No 8  Patankar Chawl  Military Road  Andheri East  Mumbai - 400059  Opposite Richard Garage  Jabbar Pada  Marol,2
Satyam Electrics Sales And Service in Borivali West  Mumbai,tel:+912265834640,Shop No 03  Saket Apartment  59  T.P.S Road  Borivali West  Mumbai - 400092  Opp Veer Sawarkar Garden,5
Yuvraj Electricals in Ghatkopar West  Mumbai,tel:+912225149119,Shop No 1  S N D T Collage Bldg  Kama Lane  Ghatkopar West  Mumbai - 400086  Near SNDT College,0
mourya electrical in Malad East  Mumbai,tel:+912228839326,Shop No 2 B R Chawl  Kadarmal Road  Malad East  Mumbai - 400097,0
ABC Electrical in Mahakali-Andheri East  Mumbai,tel:+912228226452,Baul Pal Chawl.Shop No. 5  Mahakali Caves Road  Mahakali-Andheri East  Mumbai - 400093  Oppt Model Town,0
Brid Electric Corporation in Ghatkopar East  Mumbai,tel:+912221024353,11/A  M G Road  Ghatkopar East  Mumbai - 400077  Gandhi Market,1
Electronics Geek in Bhayandar East  Mumbai,tel:+919892492977,Shop No.13  Narmada Bhuvan  R.N.P.Park  Bhayandar East  Thane - 401105  Near Kashi Vishwanath Mandir,0
Mahalaxmi Sales And Service in Bhayandar East  Mumbai,tel:+918082427215,B-3  Mathura Apartment  Cabin Road  Bhayandar East  Thane - 401105  Venkateshwar Nagar,1
Deshmukh Electric Consultant in Andheri East  Mumbai,tel:+919820293189,140 Shivshakti Indl Est  Marol Andheri Kurla Road  Andheri East  Mumbai - 400059  Opp Mittal Indl Est,1
Star Work And Service in Andheri East  Mumbai,tel:+919594532869,Andheri East  Mumbai - 400072  Near Powai,1
Shreesainath Electric & Hardware Stores in Andheri East  Mumbai,tel:+912228224155,Shop No 5  S S Yadav Chawl  Mahakali Caves Road  Andheri East  Mumbai - 400093  Opposite Takshila Caves Road,0
Shivam Electricals in Andheri East  Mumbai,tel:+919322512131,Andheri East  Mumbai - 400059  Near Yaday Flour Mill  Vasudev Nagar,2
Cimechel Electric Co in Andheri East  Mumbai,tel:+912226397044,4/412 Shantivan Bldg  New Link Road Extn  Andheri East  Mumbai - 400059  Near Tarapur Garden,1
Sejal Electric Works in Andheri East  Mumbai,tel:+919321733570,Road No 5  Andheri East  Mumbai - 400059  Opp Pidilite Industries,0
Johnson Electrical  Repairing works in Malad West  Mumbai,tel:+918424872998,Shop No. 1/A   Raj shopping Arcade  Ground Floor   Near Shankar Mandir  Malad West  Mumbai - 400064  Opposite Kothari Mile Stone  SV Road,0
Kalpesh Electrics & Hardware Store in Andheri East  Mumbai,tel:+912228264053,Gala No 3  Astvinayak Society  Road No 7 MIDC  Andheri East  Mumbai - 400093  Near Akruti Trade Centre,2
Famous Electricals in Andheri East  Mumbai,tel:+919820917572,Mg Rd  Kandivali West  Mumbai - 400067,1
Simon Electronics in Kandivali West  Mumbai,tel:+912228673981,Plot No 523 Room No D2 Ravi Uday Co operative Housing Society  Kandivali West  Mumbai - 400067,0
Shree Sai Electrical in Kandivali West  Mumbai,tel:+918286311980,Janata Colony  Kandivali West  Mumbai - 400067  Opppsite Lalji Pada Police Station  Lalji Pada,1
A B Electricals in Malad West  Mumbai,tel:+919820732857,Shop No-4  Tank Road  Malad West  Mumbai - 400064  Dsouza Market Orlem,0
Abu Electrician in Malad West  Mumbai,tel:+919892315832,Shop No.3  Iraniwadi  Road No.4  Abhilak Nagar.  Irani Wadi Road  Kandivali West  Mumbai - 400067  Near Iraniwadi Bridge,2
Ambika service centre in Malad West  Mumbai,tel:+919619325457,Shop No 8 Pyarelal Chawl  Chincholi Bunder Road  Malad West  Mumbai - 400064  Opp Dhiraj Pooja Bldg,3
Aastha service centre in Malad West  Mumbai,tel:+919820201411,Shop no. 3 shilpam co-op. hsg. Soc.  Chincholi Bunder Road  Malad West  Mumbai - 400064  Opp. Sachin restaurant & bar,0
Vijay Electric & Electronic in Jogeshwari East  Mumbai,tel:+919930248868,Swami Chawl  Cetaves Rd  Jogeshwari East  Mumbai - 400060  Opp Jogeswari Police Station,0
Apana Electric Works in Goregaon West  Mumbai,tel:+912264409911,2/ 27  Siddivinayak Seva Society  Mulund Link Road  Goregaon West  Mumbai - 400062  Vasarli Hill  Near SBI Bank,0
Star Electrical & Hardware in Andheri East  Mumbai,tel:+912265263774,Shop No 13  Rambaug  Mahakali Caves Road  Andheri East  Mumbai - 400093  Opposite Techno Polices   Near Hanuman Mainder,1
Khan Electronics in Goregaon West  Mumbai,tel:+919820466477,Shop 9 building no P/8 Somani Gram Compound  Ram Mandir Road  Goregaon West  Mumbai - 400104,0
Mahalaxmi electrical and hardware shop in Charkop  Mumbai,tel:+919920382967,Shop No. 11  sai Chitra bldg  Charkop no.9  Charkop  Mumbai - 400067  Near telephone exchange,5
Modern Electronics in Chembur East  Mumbai,tel:+919757019733,Shop no.2  Lancelot Co Opetative Housing Society Shop No 2  S V Road.  Borivali West  Mumbai - 400092  Opposite Shastri Nagar / near Kalyan jwellers,0
Moon Light Electicals in Kandivali West  Mumbai,tel:+912238549916,Rmc-8  Old Link Road  Kandivali West  Mumbai - 400067  Near Gaurav Hotel  Hindustan Naka,3
Shree Rajaram Paints in Kandivali West  Mumbai,tel:+912228681873,Shop No-9 Plot No 289 Pavan Putra Building  RDP-4  Kandivali West  Mumbai - 400067  Charkop Near Dena Bank,3
National Electrical in Kurla West  Mumbai,tel:+912226506048,59/3 Hira Kumbhar Chawl  C S T Road  Kurla West  Mumbai - 400070,0
Barve Associates in Chembur East  Mumbai,tel:+912267978159,Shop 3 JAI Mata Di Comm Complex  S T Road  Chembur East  Mumbai - 400071  Opp Swastik Park,0
Vibhuti Electrical Engineering in Kurla East  Mumbai,tel:+912225222271,Lhc-24  Kurla East  Mumbai - 400024  Opposite Building No 77  Off S G Barve Marg  Nehru Nagar,1
Shabdi And Sons Associates in Malad West  Mumbai,tel:+912264481412,Shop No.2  Nehal CHS Ltd  Plot No.2  Mahada Complex  Malad West  Mumbai - 400095  Malwani Gate No.8,0
Dhanalaxmi in Malad West  Mumbai,tel:+919833772454,Shop No 26 Deepmala Bldg Malvani Gate No 1  Malad West  Mumbai - 400064  Baf Hira Nagar,1
Rupam Electricals in Malad West  Mumbai,tel:+919833710868,Shop No B-35  Deepanjali Co Operative Housing Society  Marve Road  Malad West  Mumbai - 400095  Near Hrishi Settelite  Bafira Nagar,0
Maruti Traders in Chembur Colony-Chembur East  Mumbai,tel:+912225536337,Chembur Colony  Dr C Gidwani Road  Chembur Colony-Chembur East  Mumbai - 400074  Near B J P Office,1
Sai Kripa Hardware in Andheri West  Mumbai,tel:+919769042902,Shop No 3 Sai Nivas Jamnabai Chawl  Ceasar Road Dattaguru Nagar  Andheri West  Mumbai - 400058  Amboli,0
Mahalaxmi  Electric & hardware in Andheri West  Mumbai,tel:+919987611617,Shop No 118  Opp. - Savera co.op. Ho.Society  Veera Desai Road  Andheri West  Mumbai - 400058  Near hotel sudarshan,0
A S Electrical Enterprises in Chembur East  Mumbai,tel:+919920803993,R C Marg  Chembur East  Mumbai - 400071  Nalanda Nagar Marouli Church,3
J P Electrical in Borivali West  Mumbai,tel:+912228942942,Shop No 4  Padmakunj  Rokadia Lane Mandpeshwar Road  Borivali West  Mumbai - 400092  Near gokul hotel,0
National Electricals in Andheri West  Mumbai,tel:+912238544078,Shop No 1  New Link Road  Andheri West  Mumbai - 400053  Near Sunni Masjid Anand Nagar,3
Parmar Associated Interior Designer in Vile Parle East  Mumbai,tel:+919322284110,J 368 Gujarat Society  Nehru Road  Vile Parle East  Mumbai - 400057  Opp Jal Hotel,3
Parleshwar Krupa Service Centre in Vile Parle East  Mumbai,tel:+919892029179,M G Road   Vile Parle East  Mumbai - 400057  Near Gate Of Municipal Garden,0
Jay Electricals in Borivali West  Mumbai,tel:+912228015457,Khusali Niwas Ram Baugh  Borivali West  Mumbai - 400092  Opp Moolji Nagar S V Road,0
Deepak Electrician in Andheri West  Mumbai,tel:+919833197891,Shop No.3  Marble Bldg  Shastri Nagar 2nd Lane  Andheri West  Mumbai - 400053  Near Lokhandwala Circle,0
Laxmi Electrical Works in Andheri West  Mumbai,tel:+919892144237,Shop No 75/E  Kamdhenu Shopping Centre   Andheri West  Mumbai - 400053  Lokhandwala Complex,2
Nagrik Electric Corporation in Vile Parle West  Mumbai,tel:+912226714484,Shop No 3  Irla Sadan  Society Road   Vile Parle West  Mumbai - 400056  Opposite Papilon Resturant ,155
Jannet Electricals in Santacruz East  Mumbai,tel:+912226652189,H-423  Vivek Apt  C S T Rd  Santacruz East  Mumbai - 400055  Opp Metro Playing Card  Nt To Dena Bank,1
Lobo Electrician in Andheri West  Mumbai,tel:+919892088706,Seven Bunglows  Andheri West  Mumbai - 400061,2
Current Affair in Santacruz West  Mumbai,tel:+912238513145,A/4  Jaswanti Ramnarayan Chawl  S V Road  Santacruz West  Mumbai - 400054  Opposite Khira Nagar  Kotwadi,0
Comfortzone in Vasai Road West  Mumbai,tel:+919820267697,Anand Nagar  Adjacent To Ravi Hospital  Vasai Road West  Thane - 401202,0
Dilip Enterprise in Andheri West  Mumbai,tel:+919769537791,Sagar Kutir Sangh  J P Road  Andheri West  Mumbai - 400061  Behind Jewel Shopping Centre  Versova  7 Bungalows,1
Vishal Electric And Hardware in Santacruz West  Mumbai,tel:+919869470819,Shop No. 2   J.K. Industrial Estate  Linking Road  Santacruz West  Mumbai - 400054  Shastri Nagar,0
RAJU Electrical in Vasai Road West  Mumbai,tel:+919028619672,Shop No.2 100 Feet Road  Ambadi Road  Vasai Road West  Thane - 401202  Near  Kanekar Hospital,0
Vinayak Electricals & Plumbing Works in Sion  Mumbai,tel:+919821207040,Shop No 51 Indra Market  Road No.25  Sion  Mumbai - 400022  Near Sion Bus Depot Indira Market,1
Shubham Electric & Hardware Stores in Vasai West  Mumbai,tel:+912502344621,Shop 19  Vishwakarma Paradise  Ambadi Road  Vasai West  Thane - 401201  Phase 1,2
Vardhaman Electrical in Vasai West  Mumbai,tel:+919323164061,Shop No 4  Shanskruti Building  Near Manikpur Petrol Pump  Vasai West  Thane - 401201  Opposite Dr Sharad Shah   Manikpur,0
Suraj Electric & Hardware Store in Dharavi  Mumbai,tel:+919029907501,Shop No 05 Shanti Co Operative Housing Society  90 Feet Road  Dharavi  Mumbai - 400017  Near Above Indian Bank,0
Raj Electronics Repair & Servises in Sion Koliwada  Mumbai,tel:+919833466731,Shop No 3  Sardar Nagar No.1  Flank Road  Sion Koliwada  Mumbai - 400022  Opposite Building No 4  Near Gtb Station,1
Vailankanni Electrician in Vasai West  Mumbai,tel:+919730997130,Shop No.72 Shri Krishna Complex  Bhabhola Road  Vasai West  Thane - 401201  Opp.Richmond Tower,0
Jai Mata Di Electronics in Khar West  Mumbai,tel:+918652368320,Shop No.-3   Sai Prasad Commercial Compound  4th Road  Khar West  Mumbai - 400052  Near Corporation Bank,0
Pradeep Electricals in Bandra East  Mumbai,tel:+912238525214,Plot No. 60  Kherwadi  Bandra East  Mumbai - 400051  Near Bhomiya Mandir,0
Suresh Parmar Hardware & Electric Stores in Dharavi  Mumbai,tel:+912224078242,Shop No 1  Dharavi Main Road  Dharavi  Mumbai - 400017  Near Old Police Station  Near Holi Maidan,0
Deepak Electricals in Antop Hill  Mumbai,tel:+918898501933,Room No B-6  Chawl No 10  Antop Hill  Mumbai - 400037  Near Dashmesh Gurudwara,0
Bhairavnath Electricals in Antop Hill  Mumbai,tel:+912269906974,Shop No. 4  S M D Road  Antop Hill  Mumbai - 400037  Opp State Bank Of Indai,1
Asif Electric Sales & Service Centre in Wadala Truck Terminal  Mumbai,tel:+919892118273,Shop No.55-1/2 Himmat Nagar  Salt Pan Road  Wadala Truck Terminal  Mumbai - 400037  Near Vidyalankar College,0
Royal Electrical Works in Matunga East  Mumbai,tel:+912238514471,105  M L Camp  Matunga East  Mumbai - 400019  Near Bismilla Hotel  Opposite Kumbarwada,1
Ravechi electric hardware in Bandra West  Mumbai,tel:+912266946687,Shop No.7 gopal Mansion  Gurunanak Rd  Bandra West  Mumbai - 400050  opp janta book store,0
Firoz Electricials in Bandra West  Mumbai,tel:+912226426505,Plot No 187   Shop No 5  Sane Guruji Colony  Water Field Road  Bandra West  Mumbai - 400050  nr icici bank,1
Aryan Electric Works in Bandra West  Mumbai,tel:+912238540297,Shop No 2  Haji Mohd Noora Lane  opp patel classes  Bandra West  Mumbai - 400050  Near Lucky Hotel Jamat Khana,0
Manoj Plumbing And Civil Work in Bandra West  Mumbai,tel:+919892886020,Shop No 3  Ambedkar Road  Bandra West  Mumbai - 400050  Near Pali Naka,3
1A Rapid Services in Mahim  Mumbai,tel:+912224463602,Unit No. 106  Hammersmith Industrial Estate  Mahim  Mumbai - 400016  Off Sitla Devi Temple Road,6
Famous Electrical Works in Nalasopara East  Mumbai,tel:+919673737295,Parasak Niwas  Virar Road  Nalasopara East  Thane - 401209  SAI Nagar,0
S K Electricals in Nalasopara East  Mumbai,tel:+919324556910,Shop No A-15  Nirmal Shopping Centre  Near Ganesh Mandir  Nalasopara East  Thane - 401209  Opp Railway Station,0
Deva Electrician And Civil Work in Dadar West  Mumbai,tel:+919867402166,Shop No 2  Dadar West  Mumbai - 400028  Opposite Shiv Sena Bhavan,16
Krishna Electronics in Parel  Mumbai,tel:+912238511794,Shop No 16/A  Shetty Market Building  St Xavier Road  Parel  Mumbai - 400012  Near Naigao Police Hall,0
Rajesh Electrics Works in Prabhadevi  Mumbai,tel:+912224363286,28  Damodar Kawli House  K G Marg  Prabhadevi  Mumbai - 400025  Opp Antariksh Bldg,1
Anita Electricals in Prabhadevi  Mumbai,tel:+912238527370,C 2 638 Sra Society  Prabhadevi Co Operative Housing Society  Raja Bhau Desai Marg  Prabhadevi  Mumbai - 400025  Near Synergy Tower,2
Bombay Electronics in Sewri  Mumbai,tel:+919869640969,Datta Mandir  T.J Road  Sewri  Mumbai - 400015  Opp.China Mills,0
R M Telecom in Cotton Green  Mumbai,tel:+919146411243,Plot No 171/B  Dabholkaradda  G D Ambedkar Marg  Cotton Green  Mumbai - 400033  Kalachowki,0
Shree Electricals in Worli  Mumbai,tel:+912232664826,Building No 10  Room No 37 Century Quarters  Pandurang Budhkar Marg  Worli  Mumbai - 400018  Near Doordarshan Tower,1
PRABHAT ELECTRIC & HARDWARE STORES in Lower Parel  Mumbai,tel:+912269971804,Shop No. 205  Building No.197  Shenoy Building  Ganpatrao Kadam Marg  Lower Parel  Mumbai - 400013  Opposite Peninsula Corporate Park.,1
Ram Electricals in Lower Parel  Mumbai,tel:+919920909075,1/6 Indu Baug  Sitaram Jadhav Road  Lower Parel  Mumbai - 400013  Near Sunmill Compound,2
OM SHREE ELECTRIC HARDWARE in Lower Parel  Mumbai,tel:+912265220314,Shop no.10/9  Bara Chawl.  Sitaram Jadhav Marg Sun-Mill Lane  Lower Parel  Mumbai - 400013  Near Finish mall.,0
Imma Web Pvt Ltd in Worli  Mumbai,tel:+912238525447,Hornby Estate  Dr Annie Besant Road  Worli  Mumbai - 400018,6
Diamond Electrical Service in Byculla  Mumbai,tel:+917666019632,Shop No 7/14 Godakdeo Dt Wadi Chawl No 7  Byculla  Mumbai - 400027,0
Maharashtra Electronic Services in Sandhurst Road  Mumbai,tel:+919870632379,Shaikhbhai Building  Shivdas Chapsi Marg  Sandhurst Road  Mumbai - 400009  Opposite Fazlani HGH School,1
Udayraj Electric & Electronic Works in Masjid  Mumbai,tel:+912223488835,Shop No 25-B 49 Vyapar Bhavan Basements  P D Mello Road  Masjid  Mumbai - 400003  Carnac Bunder  Near Sidharth Hotel,0
Rajeshree Electric in Masjid  Mumbai,tel:+918898047562,77/87 Shriji Krupa 251  New Barbar Lane Sanuel Street  Masjid  Mumbai - 400003  Vad Gadi,1
Super Lites in Null Bazar  Mumbai,tel:+912223461598,70/71   S V P Road  Null Bazar  Mumbai - 400003  Mirza Galib Market,0
Hindustan Electric & Hardware in Opera House  Mumbai,tel:+912223819962,Shop No -75  Khetwadi Back Road  Opera House  Mumbai - 400004  6th Lane Corner,0
Jay Art in Tardeo  Mumbai,tel:+912223524801,Ganga Jamuna Theatre Bldg  Tardeo  Mumbai - 400034  Tardeo,3
Patel Electronics in Masjid  Mumbai,tel:+912266690423,No 204 Super Shopping Complex Ground Floor  Sarang Street  Masjid  Mumbai - 400003,1
